customer_id,lane_id,service_level_id,weight_break_min_kg,weight_break_max_kg,sell_rate_per_kg,sell_min_charge,markup_pct,target_margin_pct,effective_from,effective_to
CUST01,L01,SVC_EXP,0,25.0,1.0979,56.94,30.0,23.077,2024-10-01,
CUST01,L01,SVC_EXP,25,100.0,0.9821,56.94,30.0,23.077,2024-10-01,
CUST01,L01,SVC_EXP,100,500.0,0.8664,56.94,30.0,23.077,2024-10-01,
CUST01,L01,SVC_EXP,500,3000.0,0.7636,56.94,30.0,23.077,2024-10-01,
CUST01,L01,SVC_EXP,3000,,0.6864,56.94,30.0,23.077,2024-10-01,
CUST01,L01,SVC_STD,0,25.0,0.9312,56.94,30.0,23.077,2024-10-01,
CUST01,L01,SVC_STD,25,100.0,0.8455,56.94,30.0,23.077,2024-10-01,
CUST01,L01,SVC_STD,100,500.0,0.7598,56.94,30.0,23.077,2024-10-01,
CUST01,L01,SVC_STD,500,3000.0,0.6835,56.94,30.0,23.077,2024-10-01,
CUST01,L01,SVC_STD,3000,,0.6264,56.94,30.0,23.077,2024-10-01,
CUST01,L01,SVC_ECO,0,25.0,0.836,56.94,30.0,23.077,2024-10-01,
CUST01,L01,SVC_ECO,25,100.0,0.7674,56.94,30.0,23.077,2024-10-01,
CUST01,L01,SVC_ECO,100,500.0,0.6988,56.94,30.0,23.077,2024-10-01,
CUST01,L01,SVC_ECO,500,3000.0,0.6378,56.94,30.0,23.077,2024-10-01,
CUST01,L01,SVC_ECO,3000,,0.5922,56.94,30.0,23.077,2024-10-01,
CUST01,L02,SVC_EXP,0,25.0,1.6994,67.28,30.0,23.077,2024-10-01,
CUST01,L02,SVC_EXP,25,100.0,1.4755,67.28,30.0,23.077,2024-10-01,
CUST01,L02,SVC_EXP,100,500.0,1.2514,67.28,30.0,23.077,2024-10-01,
CUST01,L02,SVC_EXP,500,3000.0,1.0523,67.28,30.0,23.077,2024-10-01,
CUST01,L02,SVC_EXP,3000,,0.903,67.28,30.0,23.077,2024-10-01,
CUST01,L02,SVC_STD,0,25.0,1.3768,67.28,30.0,23.077,2024-10-01,
CUST01,L02,SVC_STD,25,100.0,1.2109,67.28,30.0,23.077,2024-10-01,
CUST01,L02,SVC_STD,100,500.0,1.0449,67.28,30.0,23.077,2024-10-01,
CUST01,L02,SVC_STD,500,3000.0,0.8975,67.28,30.0,23.077,2024-10-01,
CUST01,L02,SVC_STD,3000,,0.7868,67.28,30.0,23.077,2024-10-01,
CUST01,L02,SVC_ECO,0,25.0,1.1924,67.28,30.0,23.077,2024-10-01,
CUST01,L02,SVC_ECO,25,100.0,1.0597,67.28,30.0,23.077,2024-10-01,
CUST01,L02,SVC_ECO,100,500.0,0.927,67.28,30.0,23.077,2024-10-01,
CUST01,L02,SVC_ECO,500,3000.0,0.8089,67.28,30.0,23.077,2024-10-01,
CUST01,L02,SVC_ECO,3000,,0.7205,67.28,30.0,23.077,2024-10-01,
CUST01,L03,SVC_EXP,0,25.0,0.9483,54.99,30.0,23.077,2024-10-01,
CUST01,L03,SVC_EXP,25,100.0,0.8595,54.99,30.0,23.077,2024-10-01,
CUST01,L03,SVC_EXP,100,500.0,0.7706,54.99,30.0,23.077,2024-10-01,
CUST01,L03,SVC_EXP,500,3000.0,0.6918,54.99,30.0,23.077,2024-10-01,
CUST01,L03,SVC_EXP,3000,,0.6325,54.99,30.0,23.077,2024-10-01,
CUST01,L03,SVC_STD,0,25.0,0.8203,54.99,30.0,23.077,2024-10-01,
CUST01,L03,SVC_STD,25,100.0,0.7546,54.99,30.0,23.077,2024-10-01,
CUST01,L03,SVC_STD,100,500.0,0.6888,54.99,30.0,23.077,2024-10-01,
CUST01,L03,SVC_STD,500,3000.0,0.6304,54.99,30.0,23.077,2024-10-01,
CUST01,L03,SVC_STD,3000,,0.5866,54.99,30.0,23.077,2024-10-01,
CUST01,L03,SVC_ECO,0,25.0,0.7473,54.99,30.0,23.077,2024-10-01,
CUST01,L03,SVC_ECO,25,100.0,0.6947,54.99,30.0,23.077,2024-10-01,
CUST01,L03,SVC_ECO,100,500.0,0.6421,54.99,30.0,23.077,2024-10-01,
CUST01,L03,SVC_ECO,500,3000.0,0.5953,54.99,30.0,23.077,2024-10-01,
CUST01,L03,SVC_ECO,3000,,0.5602,54.99,30.0,23.077,2024-10-01,
CUST01,L04,SVC_STD,0,25.0,2.1445,89.96,30.0,23.077,2024-10-01,
CUST01,L04,SVC_STD,25,100.0,1.8403,89.96,30.0,23.077,2024-10-01,
CUST01,L04,SVC_STD,100,500.0,1.5363,89.96,30.0,23.077,2024-10-01,
CUST01,L04,SVC_STD,500,3000.0,1.2659,89.96,30.0,23.077,2024-10-01,
CUST01,L04,SVC_STD,3000,,1.0632,89.96,30.0,23.077,2024-10-01,
CUST01,L04,SVC_ECO,0,25.0,1.8065,89.96,30.0,23.077,2024-10-01,
CUST01,L04,SVC_ECO,25,100.0,1.5633,89.96,30.0,23.077,2024-10-01,
CUST01,L04,SVC_ECO,100,500.0,1.32,89.96,30.0,23.077,2024-10-01,
CUST01,L04,SVC_ECO,500,3000.0,1.1038,89.96,30.0,23.077,2024-10-01,
CUST01,L04,SVC_ECO,3000,,0.9416,89.96,30.0,23.077,2024-10-01,
CUST01,L05,SVC_EXP,0,25.0,1.1681,57.46,30.0,23.077,2024-10-01,
CUST01,L05,SVC_EXP,25,100.0,1.0397,57.46,30.0,23.077,2024-10-01,
CUST01,L05,SVC_EXP,100,500.0,0.9114,57.46,30.0,23.077,2024-10-01,
CUST01,L05,SVC_EXP,500,3000.0,0.7973,57.46,30.0,23.077,2024-10-01,
CUST01,L05,SVC_EXP,3000,,0.7117,57.46,30.0,23.077,2024-10-01,
CUST01,L05,SVC_STD,0,25.0,0.9832,57.46,30.0,23.077,2024-10-01,
CUST01,L05,SVC_STD,25,100.0,0.8881,57.46,30.0,23.077,2024-10-01,
CUST01,L05,SVC_STD,100,500.0,0.7931,57.46,30.0,23.077,2024-10-01,
CUST01,L05,SVC_STD,500,3000.0,0.7085,57.46,30.0,23.077,2024-10-01,
CUST01,L05,SVC_STD,3000,,0.6451,57.46,30.0,23.077,2024-10-01,
CUST01,L05,SVC_ECO,0,25.0,0.8776,57.46,30.0,23.077,2024-10-01,
CUST01,L05,SVC_ECO,25,100.0,0.8015,57.46,30.0,23.077,2024-10-01,
CUST01,L05,SVC_ECO,100,500.0,0.7254,57.46,30.0,23.077,2024-10-01,
CUST01,L05,SVC_ECO,500,3000.0,0.6578,57.46,30.0,23.077,2024-10-01,
CUST01,L05,SVC_ECO,3000,,0.6071,57.46,30.0,23.077,2024-10-01,
CUST01,L06,SVC_EXP,0,25.0,0.5083,46.48,30.0,23.077,2024-10-01,
CUST01,L06,SVC_EXP,25,100.0,0.4987,46.48,30.0,23.077,2024-10-01,
CUST01,L06,SVC_EXP,100,500.0,0.4891,46.48,30.0,23.077,2024-10-01,
CUST01,L06,SVC_EXP,500,3000.0,0.4806,46.48,30.0,23.077,2024-10-01,
CUST01,L06,SVC_EXP,3000,,0.4742,46.48,30.0,23.077,2024-10-01,
CUST01,L06,SVC_STD,0,25.0,0.4945,46.48,30.0,23.077,2024-10-01,
CUST01,L06,SVC_STD,25,100.0,0.4874,46.48,30.0,23.077,2024-10-01,
CUST01,L06,SVC_STD,100,500.0,0.4803,46.48,30.0,23.077,2024-10-01,
CUST01,L06,SVC_STD,500,3000.0,0.4739,46.48,30.0,23.077,2024-10-01,
CUST01,L06,SVC_STD,3000,,0.4692,46.48,30.0,23.077,2024-10-01,
CUST01,L07,SVC_EXP,0,25.0,0.4822,45.96,30.0,23.077,2024-10-01,
CUST01,L07,SVC_EXP,25,100.0,0.4774,45.96,30.0,23.077,2024-10-01,
CUST01,L07,SVC_EXP,100,500.0,0.4724,45.96,30.0,23.077,2024-10-01,
CUST01,L07,SVC_EXP,500,3000.0,0.4681,45.96,30.0,23.077,2024-10-01,
CUST01,L07,SVC_EXP,3000,,0.4648,45.96,30.0,23.077,2024-10-01,
CUST01,L07,SVC_STD,0,25.0,0.4752,45.96,30.0,23.077,2024-10-01,
CUST01,L07,SVC_STD,25,100.0,0.4716,45.96,30.0,23.077,2024-10-01,
CUST01,L07,SVC_STD,100,500.0,0.4679,45.96,30.0,23.077,2024-10-01,
CUST01,L07,SVC_STD,500,3000.0,0.4647,45.96,30.0,23.077,2024-10-01,
CUST01,L07,SVC_STD,3000,,0.4622,45.96,30.0,23.077,2024-10-01,
CUST01,L08,SVC_STD,0,25.0,0.7607,52.65,30.0,23.077,2024-10-01,
CUST01,L08,SVC_STD,25,100.0,0.7056,52.65,30.0,23.077,2024-10-01,
CUST01,L08,SVC_STD,100,500.0,0.6506,52.65,30.0,23.077,2024-10-01,
CUST01,L08,SVC_STD,500,3000.0,0.6017,52.65,30.0,23.077,2024-10-01,
CUST01,L08,SVC_STD,3000,,0.565,52.65,30.0,23.077,2024-10-01,
CUST01,L08,SVC_ECO,0,25.0,0.6995,52.65,30.0,23.077,2024-10-01,
CUST01,L08,SVC_ECO,25,100.0,0.6555,52.65,30.0,23.077,2024-10-01,
CUST01,L08,SVC_ECO,100,500.0,0.6115,52.65,30.0,23.077,2024-10-01,
CUST01,L08,SVC_ECO,500,3000.0,0.5724,52.65,30.0,23.077,2024-10-01,
CUST01,L08,SVC_ECO,3000,,0.5431,52.65,30.0,23.077,2024-10-01,
CUST01,L09,SVC_EXP,0,25.0,0.5668,47.45,30.0,23.077,2024-10-01,
CUST01,L09,SVC_EXP,25,100.0,0.5467,47.45,30.0,23.077,2024-10-01,
CUST01,L09,SVC_EXP,100,500.0,0.5266,47.45,30.0,23.077,2024-10-01,
CUST01,L09,SVC_EXP,500,3000.0,0.5087,47.45,30.0,23.077,2024-10-01,
CUST01,L09,SVC_EXP,3000,,0.4953,47.45,30.0,23.077,2024-10-01,
CUST01,L09,SVC_STD,0,25.0,0.5379,47.45,30.0,23.077,2024-10-01,
CUST01,L09,SVC_STD,25,100.0,0.523,47.45,30.0,23.077,2024-10-01,
CUST01,L09,SVC_STD,100,500.0,0.508,47.45,30.0,23.077,2024-10-01,
CUST01,L09,SVC_STD,500,3000.0,0.4947,47.45,30.0,23.077,2024-10-01,
CUST01,L09,SVC_STD,3000,,0.4848,47.45,30.0,23.077,2024-10-01,
CUST01,L09,SVC_ECO,0,25.0,0.5213,47.45,30.0,23.077,2024-10-01,
CUST01,L09,SVC_ECO,25,100.0,0.5094,47.45,30.0,23.077,2024-10-01,
CUST01,L09,SVC_ECO,100,500.0,0.4974,47.45,30.0,23.077,2024-10-01,
CUST01,L09,SVC_ECO,500,3000.0,0.4869,47.45,30.0,23.077,2024-10-01,
CUST01,L09,SVC_ECO,3000,,0.4789,47.45,30.0,23.077,2024-10-01,
CUST01,L10,SVC_STD,0,25.0,0.6346,49.73,30.0,23.077,2024-10-01,
CUST01,L10,SVC_STD,25,100.0,0.6022,49.73,30.0,23.077,2024-10-01,
CUST01,L10,SVC_STD,100,500.0,0.57,49.73,30.0,23.077,2024-10-01,
CUST01,L10,SVC_STD,500,3000.0,0.5412,49.73,30.0,23.077,2024-10-01,
CUST01,L10,SVC_STD,3000,,0.5196,49.73,30.0,23.077,2024-10-01,
CUST01,L10,SVC_ECO,0,25.0,0.5987,49.73,30.0,23.077,2024-10-01,
CUST01,L10,SVC_ECO,25,100.0,0.5728,49.73,30.0,23.077,2024-10-01,
CUST01,L10,SVC_ECO,100,500.0,0.5469,49.73,30.0,23.077,2024-10-01,
CUST01,L10,SVC_ECO,500,3000.0,0.5239,49.73,30.0,23.077,2024-10-01,
CUST01,L10,SVC_ECO,3000,,0.5067,49.73,30.0,23.077,2024-10-01,
CUST01,L11,SVC_ECO,0,25.0,2.015,94.25,30.0,23.077,2024-10-01,
CUST01,L11,SVC_ECO,25,100.0,1.7342,94.25,30.0,23.077,2024-10-01,
CUST01,L11,SVC_ECO,100,500.0,1.4534,94.25,30.0,23.077,2024-10-01,
CUST01,L11,SVC_ECO,500,3000.0,1.2038,94.25,30.0,23.077,2024-10-01,
CUST01,L11,SVC_ECO,3000,,1.0166,94.25,30.0,23.077,2024-10-01,
CUST01,L12,SVC_STD,0,25.0,2.4952,99.19,30.0,23.077,2024-10-01,
CUST01,L12,SVC_STD,25,100.0,2.128,99.19,30.0,23.077,2024-10-01,
CUST01,L12,SVC_STD,100,500.0,1.7607,99.19,30.0,23.077,2024-10-01,
CUST01,L12,SVC_STD,500,3000.0,1.4343,99.19,30.0,23.077,2024-10-01,
CUST01,L12,SVC_STD,3000,,1.1895,99.19,30.0,23.077,2024-10-01,
CUST01,L12,SVC_ECO,0,25.0,2.0872,99.19,30.0,23.077,2024-10-01,
CUST01,L12,SVC_ECO,25,100.0,1.7934,99.19,30.0,23.077,2024-10-01,
CUST01,L12,SVC_ECO,100,500.0,1.4996,99.19,30.0,23.077,2024-10-01,
CUST01,L12,SVC_ECO,500,3000.0,1.2384,99.19,30.0,23.077,2024-10-01,
CUST01,L12,SVC_ECO,3000,,1.0426,99.19,30.0,23.077,2024-10-01,
CUST02,L01,SVC_EXP,0,25.0,1.0303,53.44,22.0,18.033,2024-10-01,
CUST02,L01,SVC_EXP,25,100.0,0.9217,53.44,22.0,18.033,2024-10-01,
CUST02,L01,SVC_EXP,100,500.0,0.8131,53.44,22.0,18.033,2024-10-01,
CUST02,L01,SVC_EXP,500,3000.0,0.7166,53.44,22.0,18.033,2024-10-01,
CUST02,L01,SVC_EXP,3000,,0.6442,53.44,22.0,18.033,2024-10-01,
CUST02,L01,SVC_STD,0,25.0,0.8739,53.44,22.0,18.033,2024-10-01,
CUST02,L01,SVC_STD,25,100.0,0.7934,53.44,22.0,18.033,2024-10-01,
CUST02,L01,SVC_STD,100,500.0,0.713,53.44,22.0,18.033,2024-10-01,
CUST02,L01,SVC_STD,500,3000.0,0.6415,53.44,22.0,18.033,2024-10-01,
CUST02,L01,SVC_STD,3000,,0.5879,53.44,22.0,18.033,2024-10-01,
CUST02,L01,SVC_ECO,0,25.0,0.7845,53.44,22.0,18.033,2024-10-01,
CUST02,L01,SVC_ECO,25,100.0,0.7202,53.44,22.0,18.033,2024-10-01,
CUST02,L01,SVC_ECO,100,500.0,0.6558,53.44,22.0,18.033,2024-10-01,
CUST02,L01,SVC_ECO,500,3000.0,0.5986,53.44,22.0,18.033,2024-10-01,
CUST02,L01,SVC_ECO,3000,,0.5557,53.44,22.0,18.033,2024-10-01,
CUST02,L02,SVC_EXP,0,25.0,1.5948,63.13,22.0,18.033,2024-10-01,
CUST02,L02,SVC_EXP,25,100.0,1.3847,63.13,22.0,18.033,2024-10-01,
CUST02,L02,SVC_EXP,100,500.0,1.1744,63.13,22.0,18.033,2024-10-01,
CUST02,L02,SVC_EXP,500,3000.0,0.9876,63.13,22.0,18.033,2024-10-01,
CUST02,L02,SVC_EXP,3000,,0.8475,63.13,22.0,18.033,2024-10-01,
CUST02,L02,SVC_STD,0,25.0,1.2921,63.13,22.0,18.033,2024-10-01,
CUST02,L02,SVC_STD,25,100.0,1.1364,63.13,22.0,18.033,2024-10-01,
CUST02,L02,SVC_STD,100,500.0,0.9806,63.13,22.0,18.033,2024-10-01,
CUST02,L02,SVC_STD,500,3000.0,0.8422,63.13,22.0,18.033,2024-10-01,
CUST02,L02,SVC_STD,3000,,0.7384,63.13,22.0,18.033,2024-10-01,
CUST02,L02,SVC_ECO,0,25.0,1.1191,63.13,22.0,18.033,2024-10-01,
CUST02,L02,SVC_ECO,25,100.0,0.9945,63.13,22.0,18.033,2024-10-01,
CUST02,L02,SVC_ECO,100,500.0,0.8699,63.13,22.0,18.033,2024-10-01,
CUST02,L02,SVC_ECO,500,3000.0,0.7592,63.13,22.0,18.033,2024-10-01,
CUST02,L02,SVC_ECO,3000,,0.6761,63.13,22.0,18.033,2024-10-01,
CUST02,L03,SVC_EXP,0,25.0,0.8899,51.61,22.0,18.033,2024-10-01,
CUST02,L03,SVC_EXP,25,100.0,0.8066,51.61,22.0,18.033,2024-10-01,
CUST02,L03,SVC_EXP,100,500.0,0.7232,51.61,22.0,18.033,2024-10-01,
CUST02,L03,SVC_EXP,500,3000.0,0.6492,51.61,22.0,18.033,2024-10-01,
CUST02,L03,SVC_EXP,3000,,0.5936,51.61,22.0,18.033,2024-10-01,
CUST02,L03,SVC_STD,0,25.0,0.7699,51.61,22.0,18.033,2024-10-01,
CUST02,L03,SVC_STD,25,100.0,0.7081,51.61,22.0,18.033,2024-10-01,
CUST02,L03,SVC_STD,100,500.0,0.6464,51.61,22.0,18.033,2024-10-01,
CUST02,L03,SVC_STD,500,3000.0,0.5916,51.61,22.0,18.033,2024-10-01,
CUST02,L03,SVC_STD,3000,,0.5505,51.61,22.0,18.033,2024-10-01,
CUST02,L03,SVC_ECO,0,25.0,0.7013,51.61,22.0,18.033,2024-10-01,
CUST02,L03,SVC_ECO,25,100.0,0.6519,51.61,22.0,18.033,2024-10-01,
CUST02,L03,SVC_ECO,100,500.0,0.6026,51.61,22.0,18.033,2024-10-01,
CUST02,L03,SVC_ECO,500,3000.0,0.5586,51.61,22.0,18.033,2024-10-01,
CUST02,L03,SVC_ECO,3000,,0.5257,51.61,22.0,18.033,2024-10-01,
CUST02,L04,SVC_STD,0,25.0,2.0125,84.42,22.0,18.033,2024-10-01,
CUST02,L04,SVC_STD,25,100.0,1.7271,84.42,22.0,18.033,2024-10-01,
CUST02,L04,SVC_STD,100,500.0,1.4417,84.42,22.0,18.033,2024-10-01,
CUST02,L04,SVC_STD,500,3000.0,1.188,84.42,22.0,18.033,2024-10-01,
CUST02,L04,SVC_STD,3000,,0.9978,84.42,22.0,18.033,2024-10-01,
CUST02,L04,SVC_ECO,0,25.0,1.6954,84.42,22.0,18.033,2024-10-01,
CUST02,L04,SVC_ECO,25,100.0,1.4671,84.42,22.0,18.033,2024-10-01,
CUST02,L04,SVC_ECO,100,500.0,1.2388,84.42,22.0,18.033,2024-10-01,
CUST02,L04,SVC_ECO,500,3000.0,1.0358,84.42,22.0,18.033,2024-10-01,
CUST02,L04,SVC_ECO,3000,,0.8836,84.42,22.0,18.033,2024-10-01,
CUST02,L05,SVC_EXP,0,25.0,1.0962,53.92,22.0,18.033,2024-10-01,
CUST02,L05,SVC_EXP,25,100.0,0.9758,53.92,22.0,18.033,2024-10-01,
CUST02,L05,SVC_EXP,100,500.0,0.8553,53.92,22.0,18.033,2024-10-01,
CUST02,L05,SVC_EXP,500,3000.0,0.7482,53.92,22.0,18.033,2024-10-01,
CUST02,L05,SVC_EXP,3000,,0.6679,53.92,22.0,18.033,2024-10-01,
CUST02,L05,SVC_STD,0,25.0,0.9227,53.92,22.0,18.033,2024-10-01,
CUST02,L05,SVC_STD,25,100.0,0.8335,53.92,22.0,18.033,2024-10-01,
CUST02,L05,SVC_STD,100,500.0,0.7443,53.92,22.0,18.033,2024-10-01,
CUST02,L05,SVC_STD,500,3000.0,0.6649,53.92,22.0,18.033,2024-10-01,
CUST02,L05,SVC_STD,3000,,0.6054,53.92,22.0,18.033,2024-10-01,
CUST02,L05,SVC_ECO,0,25.0,0.8236,53.92,22.0,18.033,2024-10-01,
CUST02,L05,SVC_ECO,25,100.0,0.7522,53.92,22.0,18.033,2024-10-01,
CUST02,L05,SVC_ECO,100,500.0,0.6808,53.92,22.0,18.033,2024-10-01,
CUST02,L05,SVC_ECO,500,3000.0,0.6174,53.92,22.0,18.033,2024-10-01,
CUST02,L05,SVC_ECO,3000,,0.5698,53.92,22.0,18.033,2024-10-01,
CUST02,L06,SVC_EXP,0,25.0,0.477,43.62,22.0,18.033,2024-10-01,
CUST02,L06,SVC_EXP,25,100.0,0.468,43.62,22.0,18.033,2024-10-01,
CUST02,L06,SVC_EXP,100,500.0,0.459,43.62,22.0,18.033,2024-10-01,
CUST02,L06,SVC_EXP,500,3000.0,0.451,43.62,22.0,18.033,2024-10-01,
CUST02,L06,SVC_EXP,3000,,0.445,43.62,22.0,18.033,2024-10-01,
CUST02,L06,SVC_STD,0,25.0,0.464,43.62,22.0,18.033,2024-10-01,
CUST02,L06,SVC_STD,25,100.0,0.4574,43.62,22.0,18.033,2024-10-01,
CUST02,L06,SVC_STD,100,500.0,0.4507,43.62,22.0,18.033,2024-10-01,
CUST02,L06,SVC_STD,500,3000.0,0.4448,43.62,22.0,18.033,2024-10-01,
CUST02,L06,SVC_STD,3000,,0.4403,43.62,22.0,18.033,2024-10-01,
CUST02,L07,SVC_EXP,0,25.0,0.4525,43.13,22.0,18.033,2024-10-01,
CUST02,L07,SVC_EXP,25,100.0,0.448,43.13,22.0,18.033,2024-10-01,
CUST02,L07,SVC_EXP,100,500.0,0.4433,43.13,22.0,18.033,2024-10-01,
CUST02,L07,SVC_EXP,500,3000.0,0.4393,43.13,22.0,18.033,2024-10-01,
CUST02,L07,SVC_EXP,3000,,0.4362,43.13,22.0,18.033,2024-10-01,
CUST02,L07,SVC_STD,0,25.0,0.4459,43.13,22.0,18.033,2024-10-01,
CUST02,L07,SVC_STD,25,100.0,0.4425,43.13,22.0,18.033,2024-10-01,
CUST02,L07,SVC_STD,100,500.0,0.4391,43.13,22.0,18.033,2024-10-01,
CUST02,L07,SVC_STD,500,3000.0,0.4361,43.13,22.0,18.033,2024-10-01,
CUST02,L07,SVC_STD,3000,,0.4338,43.13,22.0,18.033,2024-10-01,
CUST02,L08,SVC_STD,0,25.0,0.7139,49.41,22.0,18.033,2024-10-01,
CUST02,L08,SVC_STD,25,100.0,0.6622,49.41,22.0,18.033,2024-10-01,
CUST02,L08,SVC_STD,100,500.0,0.6105,49.41,22.0,18.033,2024-10-01,
CUST02,L08,SVC_STD,500,3000.0,0.5647,49.41,22.0,18.033,2024-10-01,
CUST02,L08,SVC_STD,3000,,0.5303,49.41,22.0,18.033,2024-10-01,
CUST02,L08,SVC_ECO,0,25.0,0.6565,49.41,22.0,18.033,2024-10-01,
CUST02,L08,SVC_ECO,25,100.0,0.6152,49.41,22.0,18.033,2024-10-01,
CUST02,L08,SVC_ECO,100,500.0,0.5738,49.41,22.0,18.033,2024-10-01,
CUST02,L08,SVC_ECO,500,3000.0,0.5372,49.41,22.0,18.033,2024-10-01,
CUST02,L08,SVC_ECO,3000,,0.5097,49.41,22.0,18.033,2024-10-01,
CUST02,L09,SVC_EXP,0,25.0,0.532,44.53,22.0,18.033,2024-10-01,
CUST02,L09,SVC_EXP,25,100.0,0.5131,44.53,22.0,18.033,2024-10-01,
CUST02,L09,SVC_EXP,100,500.0,0.4942,44.53,22.0,18.033,2024-10-01,
CUST02,L09,SVC_EXP,500,3000.0,0.4774,44.53,22.0,18.033,2024-10-01,
CUST02,L09,SVC_EXP,3000,,0.4648,44.53,22.0,18.033,2024-10-01,
CUST02,L09,SVC_STD,0,25.0,0.5048,44.53,22.0,18.033,2024-10-01,
CUST02,L09,SVC_STD,25,100.0,0.4908,44.53,22.0,18.033,2024-10-01,
CUST02,L09,SVC_STD,100,500.0,0.4768,44.53,22.0,18.033,2024-10-01,
CUST02,L09,SVC_STD,500,3000.0,0.4643,44.53,22.0,18.033,2024-10-01,
CUST02,L09,SVC_STD,3000,,0.455,44.53,22.0,18.033,2024-10-01,
CUST02,L09,SVC_ECO,0,25.0,0.4892,44.53,22.0,18.033,2024-10-01,
CUST02,L09,SVC_ECO,25,100.0,0.478,44.53,22.0,18.033,2024-10-01,
CUST02,L09,SVC_ECO,100,500.0,0.4668,44.53,22.0,18.033,2024-10-01,
CUST02,L09,SVC_ECO,500,3000.0,0.4569,44.53,22.0,18.033,2024-10-01,
CUST02,L09,SVC_ECO,3000,,0.4494,44.53,22.0,18.033,2024-10-01,
CUST02,L10,SVC_STD,0,25.0,0.5955,46.66,22.0,18.033,2024-10-01,
CUST02,L10,SVC_STD,25,100.0,0.5652,46.66,22.0,18.033,2024-10-01,
CUST02,L10,SVC_STD,100,500.0,0.5349,46.66,22.0,18.033,2024-10-01,
CUST02,L10,SVC_STD,500,3000.0,0.5079,46.66,22.0,18.033,2024-10-01,
CUST02,L10,SVC_STD,3000,,0.4876,46.66,22.0,18.033,2024-10-01,
CUST02,L10,SVC_ECO,0,25.0,0.5618,46.66,22.0,18.033,2024-10-01,
CUST02,L10,SVC_ECO,25,100.0,0.5375,46.66,22.0,18.033,2024-10-01,
CUST02,L10,SVC_ECO,100,500.0,0.5133,46.66,22.0,18.033,2024-10-01,
CUST02,L10,SVC_ECO,500,3000.0,0.4917,46.66,22.0,18.033,2024-10-01,
CUST02,L10,SVC_ECO,3000,,0.4756,46.66,22.0,18.033,2024-10-01,
CUST02,L11,SVC_ECO,0,25.0,1.891,88.45,22.0,18.033,2024-10-01,
CUST02,L11,SVC_ECO,25,100.0,1.6275,88.45,22.0,18.033,2024-10-01,
CUST02,L11,SVC_ECO,100,500.0,1.364,88.45,22.0,18.033,2024-10-01,
CUST02,L11,SVC_ECO,500,3000.0,1.1297,88.45,22.0,18.033,2024-10-01,
CUST02,L11,SVC_ECO,3000,,0.954,88.45,22.0,18.033,2024-10-01,
CUST02,L12,SVC_STD,0,25.0,2.3417,93.09,22.0,18.033,2024-10-01,
CUST02,L12,SVC_STD,25,100.0,1.997,93.09,22.0,18.033,2024-10-01,
CUST02,L12,SVC_STD,100,500.0,1.6524,93.09,22.0,18.033,2024-10-01,
CUST02,L12,SVC_STD,500,3000.0,1.346,93.09,22.0,18.033,2024-10-01,
CUST02,L12,SVC_STD,3000,,1.1163,93.09,22.0,18.033,2024-10-01,
CUST02,L12,SVC_ECO,0,25.0,1.9588,93.09,22.0,18.033,2024-10-01,
CUST02,L12,SVC_ECO,25,100.0,1.6831,93.09,22.0,18.033,2024-10-01,
CUST02,L12,SVC_ECO,100,500.0,1.4073,93.09,22.0,18.033,2024-10-01,
CUST02,L12,SVC_ECO,500,3000.0,1.1622,93.09,22.0,18.033,2024-10-01,
CUST02,L12,SVC_ECO,3000,,0.9784,93.09,22.0,18.033,2024-10-01,
CUST03,L01,SVC_EXP,0,25.0,0.9712,50.37,15.0,13.043,2024-10-01,
CUST03,L01,SVC_EXP,25,100.0,0.8688,50.37,15.0,13.043,2024-10-01,
CUST03,L01,SVC_EXP,100,500.0,0.7664,50.37,15.0,13.043,2024-10-01,
CUST03,L01,SVC_EXP,500,3000.0,0.6755,50.37,15.0,13.043,2024-10-01,
CUST03,L01,SVC_EXP,3000,,0.6072,50.37,15.0,13.043,2024-10-01,
CUST03,L01,SVC_STD,0,25.0,0.8237,50.37,15.0,13.043,2024-10-01,
CUST03,L01,SVC_STD,25,100.0,0.7479,50.37,15.0,13.043,2024-10-01,
CUST03,L01,SVC_STD,100,500.0,0.6721,50.37,15.0,13.043,2024-10-01,
CUST03,L01,SVC_STD,500,3000.0,0.6047,50.37,15.0,13.043,2024-10-01,
CUST03,L01,SVC_STD,3000,,0.5542,50.37,15.0,13.043,2024-10-01,
CUST03,L01,SVC_ECO,0,25.0,0.7395,50.37,15.0,13.043,2024-10-01,
CUST03,L01,SVC_ECO,25,100.0,0.6788,50.37,15.0,13.043,2024-10-01,
CUST03,L01,SVC_ECO,100,500.0,0.6182,50.37,15.0,13.043,2024-10-01,
CUST03,L01,SVC_ECO,500,3000.0,0.5642,50.37,15.0,13.043,2024-10-01,
CUST03,L01,SVC_ECO,3000,,0.5238,50.37,15.0,13.043,2024-10-01,
CUST03,L02,SVC_EXP,0,25.0,1.5033,59.51,15.0,13.043,2024-10-01,
CUST03,L02,SVC_EXP,25,100.0,1.3052,59.51,15.0,13.043,2024-10-01,
CUST03,L02,SVC_EXP,100,500.0,1.107,59.51,15.0,13.043,2024-10-01,
CUST03,L02,SVC_EXP,500,3000.0,0.9309,59.51,15.0,13.043,2024-10-01,
CUST03,L02,SVC_EXP,3000,,0.7988,59.51,15.0,13.043,2024-10-01,
CUST03,L02,SVC_STD,0,25.0,1.218,59.51,15.0,13.043,2024-10-01,
CUST03,L02,SVC_STD,25,100.0,1.0712,59.51,15.0,13.043,2024-10-01,
CUST03,L02,SVC_STD,100,500.0,0.9244,59.51,15.0,13.043,2024-10-01,
CUST03,L02,SVC_STD,500,3000.0,0.7939,59.51,15.0,13.043,2024-10-01,
CUST03,L02,SVC_STD,3000,,0.6961,59.51,15.0,13.043,2024-10-01,
CUST03,L02,SVC_ECO,0,25.0,1.0549,59.51,15.0,13.043,2024-10-01,
CUST03,L02,SVC_ECO,25,100.0,0.9374,59.51,15.0,13.043,2024-10-01,
CUST03,L02,SVC_ECO,100,500.0,0.82,59.51,15.0,13.043,2024-10-01,
CUST03,L02,SVC_ECO,500,3000.0,0.7156,59.51,15.0,13.043,2024-10-01,
CUST03,L02,SVC_ECO,3000,,0.6373,59.51,15.0,13.043,2024-10-01,
CUST03,L03,SVC_EXP,0,25.0,0.8388,48.64,15.0,13.043,2024-10-01,
CUST03,L03,SVC_EXP,25,100.0,0.7603,48.64,15.0,13.043,2024-10-01,
CUST03,L03,SVC_EXP,100,500.0,0.6817,48.64,15.0,13.043,2024-10-01,
CUST03,L03,SVC_EXP,500,3000.0,0.612,48.64,15.0,13.043,2024-10-01,
CUST03,L03,SVC_EXP,3000,,0.5596,48.64,15.0,13.043,2024-10-01,
CUST03,L03,SVC_STD,0,25.0,0.7257,48.64,15.0,13.043,2024-10-01,
CUST03,L03,SVC_STD,25,100.0,0.6675,48.64,15.0,13.043,2024-10-01,
CUST03,L03,SVC_STD,100,500.0,0.6093,48.64,15.0,13.043,2024-10-01,
CUST03,L03,SVC_STD,500,3000.0,0.5576,48.64,15.0,13.043,2024-10-01,
CUST03,L03,SVC_STD,3000,,0.5189,48.64,15.0,13.043,2024-10-01,
CUST03,L03,SVC_ECO,0,25.0,0.6611,48.64,15.0,13.043,2024-10-01,
CUST03,L03,SVC_ECO,25,100.0,0.6145,48.64,15.0,13.043,2024-10-01,
CUST03,L03,SVC_ECO,100,500.0,0.568,48.64,15.0,13.043,2024-10-01,
CUST03,L03,SVC_ECO,500,3000.0,0.5266,48.64,15.0,13.043,2024-10-01,
CUST03,L03,SVC_ECO,3000,,0.4956,48.64,15.0,13.043,2024-10-01,
CUST03,L04,SVC_STD,0,25.0,2.0544,79.58,15.0,13.043,2024-10-01,2025-08-31
CUST03,L04,SVC_STD,0,25.0,2.4642,92.11,21.0,17.355,2025-09-01,
CUST03,L04,SVC_STD,25,100.0,1.757,79.58,15.0,13.043,2024-10-01,2025-08-31
CUST03,L04,SVC_STD,25,100.0,2.1075,92.11,21.0,17.355,2025-09-01,
CUST03,L04,SVC_STD,100,500.0,1.4597,79.58,15.0,13.043,2024-10-01,2025-08-31
CUST03,L04,SVC_STD,100,500.0,1.7509,92.11,21.0,17.355,2025-09-01,
CUST03,L04,SVC_STD,500,3000.0,1.1954,79.58,15.0,13.043,2024-10-01,2025-08-31
CUST03,L04,SVC_STD,500,3000.0,1.4339,92.11,21.0,17.355,2025-09-01,
CUST03,L04,SVC_STD,3000,,0.9972,79.58,15.0,13.043,2024-10-01,2025-08-31
CUST03,L04,SVC_STD,3000,,1.1961,92.11,21.0,17.355,2025-09-01,
CUST03,L04,SVC_ECO,0,25.0,1.724,79.58,15.0,13.043,2024-10-01,2025-08-31
CUST03,L04,SVC_ECO,0,25.0,2.0679,92.11,21.0,17.355,2025-09-01,
CUST03,L04,SVC_ECO,25,100.0,1.4861,79.58,15.0,13.043,2024-10-01,2025-08-31
CUST03,L04,SVC_ECO,25,100.0,1.7826,92.11,21.0,17.355,2025-09-01,
CUST03,L04,SVC_ECO,100,500.0,1.2482,79.58,15.0,13.043,2024-10-01,2025-08-31
CUST03,L04,SVC_ECO,100,500.0,1.4973,92.11,21.0,17.355,2025-09-01,
CUST03,L04,SVC_ECO,500,3000.0,1.0368,79.58,15.0,13.043,2024-10-01,2025-08-31
CUST03,L04,SVC_ECO,500,3000.0,1.2436,92.11,21.0,17.355,2025-09-01,
CUST03,L04,SVC_ECO,3000,,0.8783,79.58,15.0,13.043,2024-10-01,2025-08-31
CUST03,L04,SVC_ECO,3000,,1.0534,92.11,21.0,17.355,2025-09-01,
CUST03,L05,SVC_EXP,0,25.0,1.0333,50.83,15.0,13.043,2024-10-01,
CUST03,L05,SVC_EXP,25,100.0,0.9198,50.83,15.0,13.043,2024-10-01,
CUST03,L05,SVC_EXP,100,500.0,0.8062,50.83,15.0,13.043,2024-10-01,
CUST03,L05,SVC_EXP,500,3000.0,0.7053,50.83,15.0,13.043,2024-10-01,
CUST03,L05,SVC_EXP,3000,,0.6296,50.83,15.0,13.043,2024-10-01,
CUST03,L05,SVC_STD,0,25.0,0.8698,50.83,15.0,13.043,2024-10-01,
CUST03,L05,SVC_STD,25,100.0,0.7856,50.83,15.0,13.043,2024-10-01,
CUST03,L05,SVC_STD,100,500.0,0.7016,50.83,15.0,13.043,2024-10-01,
CUST03,L05,SVC_STD,500,3000.0,0.6268,50.83,15.0,13.043,2024-10-01,
CUST03,L05,SVC_STD,3000,,0.5707,50.83,15.0,13.043,2024-10-01,
CUST03,L05,SVC_ECO,0,25.0,0.7763,50.83,15.0,13.043,2024-10-01,
CUST03,L05,SVC_ECO,25,100.0,0.7091,50.83,15.0,13.043,2024-10-01,
CUST03,L05,SVC_ECO,100,500.0,0.6417,50.83,15.0,13.043,2024-10-01,
CUST03,L05,SVC_ECO,500,3000.0,0.5819,50.83,15.0,13.043,2024-10-01,
CUST03,L05,SVC_ECO,3000,,0.5371,50.83,15.0,13.043,2024-10-01,
CUST03,L06,SVC_EXP,0,25.0,0.4496,41.11,15.0,13.043,2024-10-01,
CUST03,L06,SVC_EXP,25,100.0,0.4412,41.11,15.0,13.043,2024-10-01,
CUST03,L06,SVC_EXP,100,500.0,0.4327,41.11,15.0,13.043,2024-10-01,
CUST03,L06,SVC_EXP,500,3000.0,0.4251,41.11,15.0,13.043,2024-10-01,
CUST03,L06,SVC_EXP,3000,,0.4195,41.11,15.0,13.043,2024-10-01,
CUST03,L06,SVC_STD,0,25.0,0.4374,41.11,15.0,13.043,2024-10-01,
CUST03,L06,SVC_STD,25,100.0,0.4311,41.11,15.0,13.043,2024-10-01,
CUST03,L06,SVC_STD,100,500.0,0.4249,41.11,15.0,13.043,2024-10-01,
CUST03,L06,SVC_STD,500,3000.0,0.4193,41.11,15.0,13.043,2024-10-01,
CUST03,L06,SVC_STD,3000,,0.4151,41.11,15.0,13.043,2024-10-01,
CUST03,L07,SVC_EXP,0,25.0,0.4266,40.65,15.0,13.043,2024-10-01,
CUST03,L07,SVC_EXP,25,100.0,0.4223,40.65,15.0,13.043,2024-10-01,
CUST03,L07,SVC_EXP,100,500.0,0.4179,40.65,15.0,13.043,2024-10-01,
CUST03,L07,SVC_EXP,500,3000.0,0.4141,40.65,15.0,13.043,2024-10-01,
CUST03,L07,SVC_EXP,3000,,0.4112,40.65,15.0,13.043,2024-10-01,
CUST03,L07,SVC_STD,0,25.0,0.4203,40.65,15.0,13.043,2024-10-01,
CUST03,L07,SVC_STD,25,100.0,0.4171,40.65,15.0,13.043,2024-10-01,
CUST03,L07,SVC_STD,100,500.0,0.4139,40.65,15.0,13.043,2024-10-01,
CUST03,L07,SVC_STD,500,3000.0,0.4111,40.65,15.0,13.043,2024-10-01,
CUST03,L07,SVC_STD,3000,,0.4089,40.65,15.0,13.043,2024-10-01,
CUST03,L08,SVC_STD,0,25.0,0.6729,46.57,15.0,13.043,2024-10-01,
CUST03,L08,SVC_STD,25,100.0,0.6242,46.57,15.0,13.043,2024-10-01,
CUST03,L08,SVC_STD,100,500.0,0.5755,46.57,15.0,13.043,2024-10-01,
CUST03,L08,SVC_STD,500,3000.0,0.5323,46.57,15.0,13.043,2024-10-01,
CUST03,L08,SVC_STD,3000,,0.4998,46.57,15.0,13.043,2024-10-01,
CUST03,L08,SVC_ECO,0,25.0,0.6188,46.57,15.0,13.043,2024-10-01,
CUST03,L08,SVC_ECO,25,100.0,0.5799,46.57,15.0,13.043,2024-10-01,
CUST03,L08,SVC_ECO,100,500.0,0.5409,46.57,15.0,13.043,2024-10-01,
CUST03,L08,SVC_ECO,500,3000.0,0.5063,46.57,15.0,13.043,2024-10-01,
CUST03,L08,SVC_ECO,3000,,0.4804,46.57,15.0,13.043,2024-10-01,
CUST03,L09,SVC_EXP,0,25.0,0.5014,41.97,15.0,13.043,2024-10-01,
CUST03,L09,SVC_EXP,25,100.0,0.4837,41.97,15.0,13.043,2024-10-01,
CUST03,L09,SVC_EXP,100,500.0,0.4658,41.97,15.0,13.043,2024-10-01,
CUST03,L09,SVC_EXP,500,3000.0,0.45,41.97,15.0,13.043,2024-10-01,
CUST03,L09,SVC_EXP,3000,,0.4381,41.97,15.0,13.043,2024-10-01,
CUST03,L09,SVC_STD,0,25.0,0.4758,41.97,15.0,13.043,2024-10-01,
CUST03,L09,SVC_STD,25,100.0,0.4626,41.97,15.0,13.043,2024-10-01,
CUST03,L09,SVC_STD,100,500.0,0.4494,41.97,15.0,13.043,2024-10-01,
CUST03,L09,SVC_STD,500,3000.0,0.4377,41.97,15.0,13.043,2024-10-01,
CUST03,L09,SVC_STD,3000,,0.4289,41.97,15.0,13.043,2024-10-01,
CUST03,L09,SVC_ECO,0,25.0,0.4611,41.97,15.0,13.043,2024-10-01,
CUST03,L09,SVC_ECO,25,100.0,0.4506,41.97,15.0,13.043,2024-10-01,
CUST03,L09,SVC_ECO,100,500.0,0.44,41.97,15.0,13.043,2024-10-01,
CUST03,L09,SVC_ECO,500,3000.0,0.4307,41.97,15.0,13.043,2024-10-01,
CUST03,L09,SVC_ECO,3000,,0.4236,41.97,15.0,13.043,2024-10-01,
CUST03,L10,SVC_STD,0,25.0,0.5614,43.99,15.0,13.043,2024-10-01,
CUST03,L10,SVC_STD,25,100.0,0.5328,43.99,15.0,13.043,2024-10-01,
CUST03,L10,SVC_STD,100,500.0,0.5042,43.99,15.0,13.043,2024-10-01,
CUST03,L10,SVC_STD,500,3000.0,0.4787,43.99,15.0,13.043,2024-10-01,
CUST03,L10,SVC_STD,3000,,0.4597,43.99,15.0,13.043,2024-10-01,
CUST03,L10,SVC_ECO,0,25.0,0.5296,43.99,15.0,13.043,2024-10-01,
CUST03,L10,SVC_ECO,25,100.0,0.5067,43.99,15.0,13.043,2024-10-01,
CUST03,L10,SVC_ECO,100,500.0,0.4838,43.99,15.0,13.043,2024-10-01,
CUST03,L10,SVC_ECO,500,3000.0,0.4635,43.99,15.0,13.043,2024-10-01,
CUST03,L10,SVC_ECO,3000,,0.4483,43.99,15.0,13.043,2024-10-01,
CUST03,L11,SVC_ECO,0,25.0,1.7825,83.38,15.0,13.043,2024-10-01,
CUST03,L11,SVC_ECO,25,100.0,1.5341,83.38,15.0,13.043,2024-10-01,
CUST03,L11,SVC_ECO,100,500.0,1.2857,83.38,15.0,13.043,2024-10-01,
CUST03,L11,SVC_ECO,500,3000.0,1.0649,83.38,15.0,13.043,2024-10-01,
CUST03,L11,SVC_ECO,3000,,0.8993,83.38,15.0,13.043,2024-10-01,
CUST03,L12,SVC_STD,0,25.0,2.2073,87.74,15.0,13.043,2024-10-01,
CUST03,L12,SVC_STD,25,100.0,1.8824,87.74,15.0,13.043,2024-10-01,
CUST03,L12,SVC_STD,100,500.0,1.5576,87.74,15.0,13.043,2024-10-01,
CUST03,L12,SVC_STD,500,3000.0,1.2688,87.74,15.0,13.043,2024-10-01,
CUST03,L12,SVC_STD,3000,,1.0522,87.74,15.0,13.043,2024-10-01,
CUST03,L12,SVC_ECO,0,25.0,1.8464,87.74,15.0,13.043,2024-10-01,
CUST03,L12,SVC_ECO,25,100.0,1.5865,87.74,15.0,13.043,2024-10-01,
CUST03,L12,SVC_ECO,100,500.0,1.3266,87.74,15.0,13.043,2024-10-01,
CUST03,L12,SVC_ECO,500,3000.0,1.0955,87.74,15.0,13.043,2024-10-01,
CUST03,L12,SVC_ECO,3000,,0.9223,87.74,15.0,13.043,2024-10-01,
CUST04,L01,SVC_EXP,0,25.0,1.0979,56.94,30.0,23.077,2024-10-01,
CUST04,L01,SVC_EXP,25,100.0,0.9821,56.94,30.0,23.077,2024-10-01,
CUST04,L01,SVC_EXP,100,500.0,0.8664,56.94,30.0,23.077,2024-10-01,
CUST04,L01,SVC_EXP,500,3000.0,0.7636,56.94,30.0,23.077,2024-10-01,
CUST04,L01,SVC_EXP,3000,,0.6864,56.94,30.0,23.077,2024-10-01,
CUST04,L01,SVC_STD,0,25.0,0.9312,56.94,30.0,23.077,2024-10-01,
CUST04,L01,SVC_STD,25,100.0,0.8455,56.94,30.0,23.077,2024-10-01,
CUST04,L01,SVC_STD,100,500.0,0.7598,56.94,30.0,23.077,2024-10-01,
CUST04,L01,SVC_STD,500,3000.0,0.6835,56.94,30.0,23.077,2024-10-01,
CUST04,L01,SVC_STD,3000,,0.6264,56.94,30.0,23.077,2024-10-01,
CUST04,L01,SVC_ECO,0,25.0,0.836,56.94,30.0,23.077,2024-10-01,
CUST04,L01,SVC_ECO,25,100.0,0.7674,56.94,30.0,23.077,2024-10-01,
CUST04,L01,SVC_ECO,100,500.0,0.6988,56.94,30.0,23.077,2024-10-01,
CUST04,L01,SVC_ECO,500,3000.0,0.6378,56.94,30.0,23.077,2024-10-01,
CUST04,L01,SVC_ECO,3000,,0.5922,56.94,30.0,23.077,2024-10-01,
CUST04,L02,SVC_EXP,0,25.0,1.6994,67.28,30.0,23.077,2024-10-01,
CUST04,L02,SVC_EXP,25,100.0,1.4755,67.28,30.0,23.077,2024-10-01,
CUST04,L02,SVC_EXP,100,500.0,1.2514,67.28,30.0,23.077,2024-10-01,
CUST04,L02,SVC_EXP,500,3000.0,1.0523,67.28,30.0,23.077,2024-10-01,
CUST04,L02,SVC_EXP,3000,,0.903,67.28,30.0,23.077,2024-10-01,
CUST04,L02,SVC_STD,0,25.0,1.3768,67.28,30.0,23.077,2024-10-01,
CUST04,L02,SVC_STD,25,100.0,1.2109,67.28,30.0,23.077,2024-10-01,
CUST04,L02,SVC_STD,100,500.0,1.0449,67.28,30.0,23.077,2024-10-01,
CUST04,L02,SVC_STD,500,3000.0,0.8975,67.28,30.0,23.077,2024-10-01,
CUST04,L02,SVC_STD,3000,,0.7868,67.28,30.0,23.077,2024-10-01,
CUST04,L02,SVC_ECO,0,25.0,1.1924,67.28,30.0,23.077,2024-10-01,
CUST04,L02,SVC_ECO,25,100.0,1.0597,67.28,30.0,23.077,2024-10-01,
CUST04,L02,SVC_ECO,100,500.0,0.927,67.28,30.0,23.077,2024-10-01,
CUST04,L02,SVC_ECO,500,3000.0,0.8089,67.28,30.0,23.077,2024-10-01,
CUST04,L02,SVC_ECO,3000,,0.7205,67.28,30.0,23.077,2024-10-01,
CUST04,L03,SVC_EXP,0,25.0,0.9483,54.99,30.0,23.077,2024-10-01,
CUST04,L03,SVC_EXP,25,100.0,0.8595,54.99,30.0,23.077,2024-10-01,
CUST04,L03,SVC_EXP,100,500.0,0.7706,54.99,30.0,23.077,2024-10-01,
CUST04,L03,SVC_EXP,500,3000.0,0.6918,54.99,30.0,23.077,2024-10-01,
CUST04,L03,SVC_EXP,3000,,0.6325,54.99,30.0,23.077,2024-10-01,
CUST04,L03,SVC_STD,0,25.0,0.8203,54.99,30.0,23.077,2024-10-01,
CUST04,L03,SVC_STD,25,100.0,0.7546,54.99,30.0,23.077,2024-10-01,
CUST04,L03,SVC_STD,100,500.0,0.6888,54.99,30.0,23.077,2024-10-01,
CUST04,L03,SVC_STD,500,3000.0,0.6304,54.99,30.0,23.077,2024-10-01,
CUST04,L03,SVC_STD,3000,,0.5866,54.99,30.0,23.077,2024-10-01,
CUST04,L03,SVC_ECO,0,25.0,0.7473,54.99,30.0,23.077,2024-10-01,
CUST04,L03,SVC_ECO,25,100.0,0.6947,54.99,30.0,23.077,2024-10-01,
CUST04,L03,SVC_ECO,100,500.0,0.6421,54.99,30.0,23.077,2024-10-01,
CUST04,L03,SVC_ECO,500,3000.0,0.5953,54.99,30.0,23.077,2024-10-01,
CUST04,L03,SVC_ECO,3000,,0.5602,54.99,30.0,23.077,2024-10-01,
CUST04,L04,SVC_STD,0,25.0,2.1445,89.96,30.0,23.077,2024-10-01,
CUST04,L04,SVC_STD,25,100.0,1.8403,89.96,30.0,23.077,2024-10-01,
CUST04,L04,SVC_STD,100,500.0,1.5363,89.96,30.0,23.077,2024-10-01,
CUST04,L04,SVC_STD,500,3000.0,1.2659,89.96,30.0,23.077,2024-10-01,
CUST04,L04,SVC_STD,3000,,1.0632,89.96,30.0,23.077,2024-10-01,
CUST04,L04,SVC_ECO,0,25.0,1.8065,89.96,30.0,23.077,2024-10-01,
CUST04,L04,SVC_ECO,25,100.0,1.5633,89.96,30.0,23.077,2024-10-01,
CUST04,L04,SVC_ECO,100,500.0,1.32,89.96,30.0,23.077,2024-10-01,
CUST04,L04,SVC_ECO,500,3000.0,1.1038,89.96,30.0,23.077,2024-10-01,
CUST04,L04,SVC_ECO,3000,,0.9416,89.96,30.0,23.077,2024-10-01,
CUST04,L05,SVC_EXP,0,25.0,1.1681,57.46,30.0,23.077,2024-10-01,
CUST04,L05,SVC_EXP,25,100.0,1.0397,57.46,30.0,23.077,2024-10-01,
CUST04,L05,SVC_EXP,100,500.0,0.9114,57.46,30.0,23.077,2024-10-01,
CUST04,L05,SVC_EXP,500,3000.0,0.7973,57.46,30.0,23.077,2024-10-01,
CUST04,L05,SVC_EXP,3000,,0.7117,57.46,30.0,23.077,2024-10-01,
CUST04,L05,SVC_STD,0,25.0,0.9832,57.46,30.0,23.077,2024-10-01,
CUST04,L05,SVC_STD,25,100.0,0.8881,57.46,30.0,23.077,2024-10-01,
CUST04,L05,SVC_STD,100,500.0,0.7931,57.46,30.0,23.077,2024-10-01,
CUST04,L05,SVC_STD,500,3000.0,0.7085,57.46,30.0,23.077,2024-10-01,
CUST04,L05,SVC_STD,3000,,0.6451,57.46,30.0,23.077,2024-10-01,
CUST04,L05,SVC_ECO,0,25.0,0.8776,57.46,30.0,23.077,2024-10-01,
CUST04,L05,SVC_ECO,25,100.0,0.8015,57.46,30.0,23.077,2024-10-01,
CUST04,L05,SVC_ECO,100,500.0,0.7254,57.46,30.0,23.077,2024-10-01,
CUST04,L05,SVC_ECO,500,3000.0,0.6578,57.46,30.0,23.077,2024-10-01,
CUST04,L05,SVC_ECO,3000,,0.6071,57.46,30.0,23.077,2024-10-01,
CUST04,L06,SVC_EXP,0,25.0,0.5083,46.48,30.0,23.077,2024-10-01,
CUST04,L06,SVC_EXP,25,100.0,0.4987,46.48,30.0,23.077,2024-10-01,
CUST04,L06,SVC_EXP,100,500.0,0.4891,46.48,30.0,23.077,2024-10-01,
CUST04,L06,SVC_EXP,500,3000.0,0.4806,46.48,30.0,23.077,2024-10-01,
CUST04,L06,SVC_EXP,3000,,0.4742,46.48,30.0,23.077,2024-10-01,
CUST04,L06,SVC_STD,0,25.0,0.4945,46.48,30.0,23.077,2024-10-01,
CUST04,L06,SVC_STD,25,100.0,0.4874,46.48,30.0,23.077,2024-10-01,
CUST04,L06,SVC_STD,100,500.0,0.4803,46.48,30.0,23.077,2024-10-01,
CUST04,L06,SVC_STD,500,3000.0,0.4739,46.48,30.0,23.077,2024-10-01,
CUST04,L06,SVC_STD,3000,,0.4692,46.48,30.0,23.077,2024-10-01,
CUST04,L07,SVC_EXP,0,25.0,0.4822,45.96,30.0,23.077,2024-10-01,
CUST04,L07,SVC_EXP,25,100.0,0.4774,45.96,30.0,23.077,2024-10-01,
CUST04,L07,SVC_EXP,100,500.0,0.4724,45.96,30.0,23.077,2024-10-01,
CUST04,L07,SVC_EXP,500,3000.0,0.4681,45.96,30.0,23.077,2024-10-01,
CUST04,L07,SVC_EXP,3000,,0.4648,45.96,30.0,23.077,2024-10-01,
CUST04,L07,SVC_STD,0,25.0,0.4752,45.96,30.0,23.077,2024-10-01,
CUST04,L07,SVC_STD,25,100.0,0.4716,45.96,30.0,23.077,2024-10-01,
CUST04,L07,SVC_STD,100,500.0,0.4679,45.96,30.0,23.077,2024-10-01,
CUST04,L07,SVC_STD,500,3000.0,0.4647,45.96,30.0,23.077,2024-10-01,
CUST04,L07,SVC_STD,3000,,0.4622,45.96,30.0,23.077,2024-10-01,
CUST04,L08,SVC_STD,0,25.0,0.7607,52.65,30.0,23.077,2024-10-01,
CUST04,L08,SVC_STD,25,100.0,0.7056,52.65,30.0,23.077,2024-10-01,
CUST04,L08,SVC_STD,100,500.0,0.6506,52.65,30.0,23.077,2024-10-01,
CUST04,L08,SVC_STD,500,3000.0,0.6017,52.65,30.0,23.077,2024-10-01,
CUST04,L08,SVC_STD,3000,,0.565,52.65,30.0,23.077,2024-10-01,
CUST04,L08,SVC_ECO,0,25.0,0.6995,52.65,30.0,23.077,2024-10-01,
CUST04,L08,SVC_ECO,25,100.0,0.6555,52.65,30.0,23.077,2024-10-01,
CUST04,L08,SVC_ECO,100,500.0,0.6115,52.65,30.0,23.077,2024-10-01,
CUST04,L08,SVC_ECO,500,3000.0,0.5724,52.65,30.0,23.077,2024-10-01,
CUST04,L08,SVC_ECO,3000,,0.5431,52.65,30.0,23.077,2024-10-01,
CUST04,L09,SVC_EXP,0,25.0,0.5668,47.45,30.0,23.077,2024-10-01,
CUST04,L09,SVC_EXP,25,100.0,0.5467,47.45,30.0,23.077,2024-10-01,
CUST04,L09,SVC_EXP,100,500.0,0.5266,47.45,30.0,23.077,2024-10-01,
CUST04,L09,SVC_EXP,500,3000.0,0.5087,47.45,30.0,23.077,2024-10-01,
CUST04,L09,SVC_EXP,3000,,0.4953,47.45,30.0,23.077,2024-10-01,
CUST04,L09,SVC_STD,0,25.0,0.5379,47.45,30.0,23.077,2024-10-01,
CUST04,L09,SVC_STD,25,100.0,0.523,47.45,30.0,23.077,2024-10-01,
CUST04,L09,SVC_STD,100,500.0,0.508,47.45,30.0,23.077,2024-10-01,
CUST04,L09,SVC_STD,500,3000.0,0.4947,47.45,30.0,23.077,2024-10-01,
CUST04,L09,SVC_STD,3000,,0.4848,47.45,30.0,23.077,2024-10-01,
CUST04,L09,SVC_ECO,0,25.0,0.5213,47.45,30.0,23.077,2024-10-01,
CUST04,L09,SVC_ECO,25,100.0,0.5094,47.45,30.0,23.077,2024-10-01,
CUST04,L09,SVC_ECO,100,500.0,0.4974,47.45,30.0,23.077,2024-10-01,
CUST04,L09,SVC_ECO,500,3000.0,0.4869,47.45,30.0,23.077,2024-10-01,
CUST04,L09,SVC_ECO,3000,,0.4789,47.45,30.0,23.077,2024-10-01,
CUST04,L10,SVC_STD,0,25.0,0.6346,49.73,30.0,23.077,2024-10-01,
CUST04,L10,SVC_STD,25,100.0,0.6022,49.73,30.0,23.077,2024-10-01,
CUST04,L10,SVC_STD,100,500.0,0.57,49.73,30.0,23.077,2024-10-01,
CUST04,L10,SVC_STD,500,3000.0,0.5412,49.73,30.0,23.077,2024-10-01,
CUST04,L10,SVC_STD,3000,,0.5196,49.73,30.0,23.077,2024-10-01,
CUST04,L10,SVC_ECO,0,25.0,0.5987,49.73,30.0,23.077,2024-10-01,
CUST04,L10,SVC_ECO,25,100.0,0.5728,49.73,30.0,23.077,2024-10-01,
CUST04,L10,SVC_ECO,100,500.0,0.5469,49.73,30.0,23.077,2024-10-01,
CUST04,L10,SVC_ECO,500,3000.0,0.5239,49.73,30.0,23.077,2024-10-01,
CUST04,L10,SVC_ECO,3000,,0.5067,49.73,30.0,23.077,2024-10-01,
CUST04,L11,SVC_ECO,0,25.0,2.015,94.25,30.0,23.077,2024-10-01,
CUST04,L11,SVC_ECO,25,100.0,1.7342,94.25,30.0,23.077,2024-10-01,
CUST04,L11,SVC_ECO,100,500.0,1.4534,94.25,30.0,23.077,2024-10-01,
CUST04,L11,SVC_ECO,500,3000.0,1.2038,94.25,30.0,23.077,2024-10-01,
CUST04,L11,SVC_ECO,3000,,1.0166,94.25,30.0,23.077,2024-10-01,
CUST04,L12,SVC_STD,0,25.0,2.4952,99.19,30.0,23.077,2024-10-01,
CUST04,L12,SVC_STD,25,100.0,2.128,99.19,30.0,23.077,2024-10-01,
CUST04,L12,SVC_STD,100,500.0,1.7607,99.19,30.0,23.077,2024-10-01,
CUST04,L12,SVC_STD,500,3000.0,1.4343,99.19,30.0,23.077,2024-10-01,
CUST04,L12,SVC_STD,3000,,1.1895,99.19,30.0,23.077,2024-10-01,
CUST04,L12,SVC_ECO,0,25.0,2.0872,99.19,30.0,23.077,2024-10-01,
CUST04,L12,SVC_ECO,25,100.0,1.7934,99.19,30.0,23.077,2024-10-01,
CUST04,L12,SVC_ECO,100,500.0,1.4996,99.19,30.0,23.077,2024-10-01,
CUST04,L12,SVC_ECO,500,3000.0,1.2384,99.19,30.0,23.077,2024-10-01,
CUST04,L12,SVC_ECO,3000,,1.0426,99.19,30.0,23.077,2024-10-01,
CUST05,L01,SVC_EXP,0,25.0,1.0303,53.44,22.0,18.033,2024-10-01,
CUST05,L01,SVC_EXP,25,100.0,0.9217,53.44,22.0,18.033,2024-10-01,
CUST05,L01,SVC_EXP,100,500.0,0.8131,53.44,22.0,18.033,2024-10-01,
CUST05,L01,SVC_EXP,500,3000.0,0.7166,53.44,22.0,18.033,2024-10-01,
CUST05,L01,SVC_EXP,3000,,0.6442,53.44,22.0,18.033,2024-10-01,
CUST05,L01,SVC_STD,0,25.0,0.8739,53.44,22.0,18.033,2024-10-01,
CUST05,L01,SVC_STD,25,100.0,0.7934,53.44,22.0,18.033,2024-10-01,
CUST05,L01,SVC_STD,100,500.0,0.713,53.44,22.0,18.033,2024-10-01,
CUST05,L01,SVC_STD,500,3000.0,0.6415,53.44,22.0,18.033,2024-10-01,
CUST05,L01,SVC_STD,3000,,0.5879,53.44,22.0,18.033,2024-10-01,
CUST05,L01,SVC_ECO,0,25.0,0.7845,53.44,22.0,18.033,2024-10-01,
CUST05,L01,SVC_ECO,25,100.0,0.7202,53.44,22.0,18.033,2024-10-01,
CUST05,L01,SVC_ECO,100,500.0,0.6558,53.44,22.0,18.033,2024-10-01,
CUST05,L01,SVC_ECO,500,3000.0,0.5986,53.44,22.0,18.033,2024-10-01,
CUST05,L01,SVC_ECO,3000,,0.5557,53.44,22.0,18.033,2024-10-01,
CUST05,L02,SVC_EXP,0,25.0,1.5948,63.13,22.0,18.033,2024-10-01,
CUST05,L02,SVC_EXP,25,100.0,1.3847,63.13,22.0,18.033,2024-10-01,
CUST05,L02,SVC_EXP,100,500.0,1.1744,63.13,22.0,18.033,2024-10-01,
CUST05,L02,SVC_EXP,500,3000.0,0.9876,63.13,22.0,18.033,2024-10-01,
CUST05,L02,SVC_EXP,3000,,0.8475,63.13,22.0,18.033,2024-10-01,
CUST05,L02,SVC_STD,0,25.0,1.2921,63.13,22.0,18.033,2024-10-01,
CUST05,L02,SVC_STD,25,100.0,1.1364,63.13,22.0,18.033,2024-10-01,
CUST05,L02,SVC_STD,100,500.0,0.9806,63.13,22.0,18.033,2024-10-01,
CUST05,L02,SVC_STD,500,3000.0,0.8422,63.13,22.0,18.033,2024-10-01,
CUST05,L02,SVC_STD,3000,,0.7384,63.13,22.0,18.033,2024-10-01,
CUST05,L02,SVC_ECO,0,25.0,1.1191,63.13,22.0,18.033,2024-10-01,
CUST05,L02,SVC_ECO,25,100.0,0.9945,63.13,22.0,18.033,2024-10-01,
CUST05,L02,SVC_ECO,100,500.0,0.8699,63.13,22.0,18.033,2024-10-01,
CUST05,L02,SVC_ECO,500,3000.0,0.7592,63.13,22.0,18.033,2024-10-01,
CUST05,L02,SVC_ECO,3000,,0.6761,63.13,22.0,18.033,2024-10-01,
CUST05,L03,SVC_EXP,0,25.0,0.8899,51.61,22.0,18.033,2024-10-01,
CUST05,L03,SVC_EXP,25,100.0,0.8066,51.61,22.0,18.033,2024-10-01,
CUST05,L03,SVC_EXP,100,500.0,0.7232,51.61,22.0,18.033,2024-10-01,
CUST05,L03,SVC_EXP,500,3000.0,0.6492,51.61,22.0,18.033,2024-10-01,
CUST05,L03,SVC_EXP,3000,,0.5936,51.61,22.0,18.033,2024-10-01,
CUST05,L03,SVC_STD,0,25.0,0.7699,51.61,22.0,18.033,2024-10-01,
CUST05,L03,SVC_STD,25,100.0,0.7081,51.61,22.0,18.033,2024-10-01,
CUST05,L03,SVC_STD,100,500.0,0.6464,51.61,22.0,18.033,2024-10-01,
CUST05,L03,SVC_STD,500,3000.0,0.5916,51.61,22.0,18.033,2024-10-01,
CUST05,L03,SVC_STD,3000,,0.5505,51.61,22.0,18.033,2024-10-01,
CUST05,L03,SVC_ECO,0,25.0,0.7013,51.61,22.0,18.033,2024-10-01,
CUST05,L03,SVC_ECO,25,100.0,0.6519,51.61,22.0,18.033,2024-10-01,
CUST05,L03,SVC_ECO,100,500.0,0.6026,51.61,22.0,18.033,2024-10-01,
CUST05,L03,SVC_ECO,500,3000.0,0.5586,51.61,22.0,18.033,2024-10-01,
CUST05,L03,SVC_ECO,3000,,0.5257,51.61,22.0,18.033,2024-10-01,
CUST05,L04,SVC_STD,0,25.0,2.0125,84.42,22.0,18.033,2024-10-01,
CUST05,L04,SVC_STD,25,100.0,1.7271,84.42,22.0,18.033,2024-10-01,
CUST05,L04,SVC_STD,100,500.0,1.4417,84.42,22.0,18.033,2024-10-01,
CUST05,L04,SVC_STD,500,3000.0,1.188,84.42,22.0,18.033,2024-10-01,
CUST05,L04,SVC_STD,3000,,0.9978,84.42,22.0,18.033,2024-10-01,
CUST05,L04,SVC_ECO,0,25.0,1.6954,84.42,22.0,18.033,2024-10-01,
CUST05,L04,SVC_ECO,25,100.0,1.4671,84.42,22.0,18.033,2024-10-01,
CUST05,L04,SVC_ECO,100,500.0,1.2388,84.42,22.0,18.033,2024-10-01,
CUST05,L04,SVC_ECO,500,3000.0,1.0358,84.42,22.0,18.033,2024-10-01,
CUST05,L04,SVC_ECO,3000,,0.8836,84.42,22.0,18.033,2024-10-01,
CUST05,L05,SVC_EXP,0,25.0,1.0962,53.92,22.0,18.033,2024-10-01,
CUST05,L05,SVC_EXP,25,100.0,0.9758,53.92,22.0,18.033,2024-10-01,
CUST05,L05,SVC_EXP,100,500.0,0.8553,53.92,22.0,18.033,2024-10-01,
CUST05,L05,SVC_EXP,500,3000.0,0.7482,53.92,22.0,18.033,2024-10-01,
CUST05,L05,SVC_EXP,3000,,0.6679,53.92,22.0,18.033,2024-10-01,
CUST05,L05,SVC_STD,0,25.0,0.9227,53.92,22.0,18.033,2024-10-01,
CUST05,L05,SVC_STD,25,100.0,0.8335,53.92,22.0,18.033,2024-10-01,
CUST05,L05,SVC_STD,100,500.0,0.7443,53.92,22.0,18.033,2024-10-01,
CUST05,L05,SVC_STD,500,3000.0,0.6649,53.92,22.0,18.033,2024-10-01,
CUST05,L05,SVC_STD,3000,,0.6054,53.92,22.0,18.033,2024-10-01,
CUST05,L05,SVC_ECO,0,25.0,0.8236,53.92,22.0,18.033,2024-10-01,
CUST05,L05,SVC_ECO,25,100.0,0.7522,53.92,22.0,18.033,2024-10-01,
CUST05,L05,SVC_ECO,100,500.0,0.6808,53.92,22.0,18.033,2024-10-01,
CUST05,L05,SVC_ECO,500,3000.0,0.6174,53.92,22.0,18.033,2024-10-01,
CUST05,L05,SVC_ECO,3000,,0.5698,53.92,22.0,18.033,2024-10-01,
CUST05,L06,SVC_EXP,0,25.0,0.477,43.62,22.0,18.033,2024-10-01,
CUST05,L06,SVC_EXP,25,100.0,0.468,43.62,22.0,18.033,2024-10-01,
CUST05,L06,SVC_EXP,100,500.0,0.459,43.62,22.0,18.033,2024-10-01,
CUST05,L06,SVC_EXP,500,3000.0,0.451,43.62,22.0,18.033,2024-10-01,
CUST05,L06,SVC_EXP,3000,,0.445,43.62,22.0,18.033,2024-10-01,
CUST05,L06,SVC_STD,0,25.0,0.464,43.62,22.0,18.033,2024-10-01,
CUST05,L06,SVC_STD,25,100.0,0.4574,43.62,22.0,18.033,2024-10-01,
CUST05,L06,SVC_STD,100,500.0,0.4507,43.62,22.0,18.033,2024-10-01,
CUST05,L06,SVC_STD,500,3000.0,0.4448,43.62,22.0,18.033,2024-10-01,
CUST05,L06,SVC_STD,3000,,0.4403,43.62,22.0,18.033,2024-10-01,
CUST05,L07,SVC_EXP,0,25.0,0.4525,43.13,22.0,18.033,2024-10-01,
CUST05,L07,SVC_EXP,25,100.0,0.448,43.13,22.0,18.033,2024-10-01,
CUST05,L07,SVC_EXP,100,500.0,0.4433,43.13,22.0,18.033,2024-10-01,
CUST05,L07,SVC_EXP,500,3000.0,0.4393,43.13,22.0,18.033,2024-10-01,
CUST05,L07,SVC_EXP,3000,,0.4362,43.13,22.0,18.033,2024-10-01,
CUST05,L07,SVC_STD,0,25.0,0.4459,43.13,22.0,18.033,2024-10-01,
CUST05,L07,SVC_STD,25,100.0,0.4425,43.13,22.0,18.033,2024-10-01,
CUST05,L07,SVC_STD,100,500.0,0.4391,43.13,22.0,18.033,2024-10-01,
CUST05,L07,SVC_STD,500,3000.0,0.4361,43.13,22.0,18.033,2024-10-01,
CUST05,L07,SVC_STD,3000,,0.4338,43.13,22.0,18.033,2024-10-01,
CUST05,L08,SVC_STD,0,25.0,0.7139,49.41,22.0,18.033,2024-10-01,
CUST05,L08,SVC_STD,25,100.0,0.6622,49.41,22.0,18.033,2024-10-01,
CUST05,L08,SVC_STD,100,500.0,0.6105,49.41,22.0,18.033,2024-10-01,
CUST05,L08,SVC_STD,500,3000.0,0.5647,49.41,22.0,18.033,2024-10-01,
CUST05,L08,SVC_STD,3000,,0.5303,49.41,22.0,18.033,2024-10-01,
CUST05,L08,SVC_ECO,0,25.0,0.6565,49.41,22.0,18.033,2024-10-01,
CUST05,L08,SVC_ECO,25,100.0,0.6152,49.41,22.0,18.033,2024-10-01,
CUST05,L08,SVC_ECO,100,500.0,0.5738,49.41,22.0,18.033,2024-10-01,
CUST05,L08,SVC_ECO,500,3000.0,0.5372,49.41,22.0,18.033,2024-10-01,
CUST05,L08,SVC_ECO,3000,,0.5097,49.41,22.0,18.033,2024-10-01,
CUST05,L09,SVC_EXP,0,25.0,0.532,44.53,22.0,18.033,2024-10-01,
CUST05,L09,SVC_EXP,25,100.0,0.5131,44.53,22.0,18.033,2024-10-01,
CUST05,L09,SVC_EXP,100,500.0,0.4942,44.53,22.0,18.033,2024-10-01,
CUST05,L09,SVC_EXP,500,3000.0,0.4774,44.53,22.0,18.033,2024-10-01,
CUST05,L09,SVC_EXP,3000,,0.4648,44.53,22.0,18.033,2024-10-01,
CUST05,L09,SVC_STD,0,25.0,0.5048,44.53,22.0,18.033,2024-10-01,
CUST05,L09,SVC_STD,25,100.0,0.4908,44.53,22.0,18.033,2024-10-01,
CUST05,L09,SVC_STD,100,500.0,0.4768,44.53,22.0,18.033,2024-10-01,
CUST05,L09,SVC_STD,500,3000.0,0.4643,44.53,22.0,18.033,2024-10-01,
CUST05,L09,SVC_STD,3000,,0.455,44.53,22.0,18.033,2024-10-01,
CUST05,L09,SVC_ECO,0,25.0,0.4892,44.53,22.0,18.033,2024-10-01,
CUST05,L09,SVC_ECO,25,100.0,0.478,44.53,22.0,18.033,2024-10-01,
CUST05,L09,SVC_ECO,100,500.0,0.4668,44.53,22.0,18.033,2024-10-01,
CUST05,L09,SVC_ECO,500,3000.0,0.4569,44.53,22.0,18.033,2024-10-01,
CUST05,L09,SVC_ECO,3000,,0.4494,44.53,22.0,18.033,2024-10-01,
CUST05,L10,SVC_STD,0,25.0,0.5955,46.66,22.0,18.033,2024-10-01,
CUST05,L10,SVC_STD,25,100.0,0.5652,46.66,22.0,18.033,2024-10-01,
CUST05,L10,SVC_STD,100,500.0,0.5349,46.66,22.0,18.033,2024-10-01,
CUST05,L10,SVC_STD,500,3000.0,0.5079,46.66,22.0,18.033,2024-10-01,
CUST05,L10,SVC_STD,3000,,0.4876,46.66,22.0,18.033,2024-10-01,
CUST05,L10,SVC_ECO,0,25.0,0.5618,46.66,22.0,18.033,2024-10-01,
CUST05,L10,SVC_ECO,25,100.0,0.5375,46.66,22.0,18.033,2024-10-01,
CUST05,L10,SVC_ECO,100,500.0,0.5133,46.66,22.0,18.033,2024-10-01,
CUST05,L10,SVC_ECO,500,3000.0,0.4917,46.66,22.0,18.033,2024-10-01,
CUST05,L10,SVC_ECO,3000,,0.4756,46.66,22.0,18.033,2024-10-01,
CUST05,L11,SVC_ECO,0,25.0,1.891,88.45,22.0,18.033,2024-10-01,
CUST05,L11,SVC_ECO,25,100.0,1.6275,88.45,22.0,18.033,2024-10-01,
CUST05,L11,SVC_ECO,100,500.0,1.364,88.45,22.0,18.033,2024-10-01,
CUST05,L11,SVC_ECO,500,3000.0,1.1297,88.45,22.0,18.033,2024-10-01,
CUST05,L11,SVC_ECO,3000,,0.954,88.45,22.0,18.033,2024-10-01,
CUST05,L12,SVC_STD,0,25.0,2.3417,93.09,22.0,18.033,2024-10-01,
CUST05,L12,SVC_STD,25,100.0,1.997,93.09,22.0,18.033,2024-10-01,
CUST05,L12,SVC_STD,100,500.0,1.6524,93.09,22.0,18.033,2024-10-01,
CUST05,L12,SVC_STD,500,3000.0,1.346,93.09,22.0,18.033,2024-10-01,
CUST05,L12,SVC_STD,3000,,1.1163,93.09,22.0,18.033,2024-10-01,
CUST05,L12,SVC_ECO,0,25.0,1.9588,93.09,22.0,18.033,2024-10-01,
CUST05,L12,SVC_ECO,25,100.0,1.6831,93.09,22.0,18.033,2024-10-01,
CUST05,L12,SVC_ECO,100,500.0,1.4073,93.09,22.0,18.033,2024-10-01,
CUST05,L12,SVC_ECO,500,3000.0,1.1622,93.09,22.0,18.033,2024-10-01,
CUST05,L12,SVC_ECO,3000,,0.9784,93.09,22.0,18.033,2024-10-01,
CUST06,L01,SVC_EXP,0,25.0,1.0303,53.44,22.0,18.033,2024-10-01,
CUST06,L01,SVC_EXP,25,100.0,0.9217,53.44,22.0,18.033,2024-10-01,
CUST06,L01,SVC_EXP,100,500.0,0.8131,53.44,22.0,18.033,2024-10-01,
CUST06,L01,SVC_EXP,500,3000.0,0.7166,53.44,22.0,18.033,2024-10-01,
CUST06,L01,SVC_EXP,3000,,0.6442,53.44,22.0,18.033,2024-10-01,
CUST06,L01,SVC_STD,0,25.0,0.8739,53.44,22.0,18.033,2024-10-01,
CUST06,L01,SVC_STD,25,100.0,0.7934,53.44,22.0,18.033,2024-10-01,
CUST06,L01,SVC_STD,100,500.0,0.713,53.44,22.0,18.033,2024-10-01,
CUST06,L01,SVC_STD,500,3000.0,0.6415,53.44,22.0,18.033,2024-10-01,
CUST06,L01,SVC_STD,3000,,0.5879,53.44,22.0,18.033,2024-10-01,
CUST06,L01,SVC_ECO,0,25.0,0.7845,53.44,22.0,18.033,2024-10-01,
CUST06,L01,SVC_ECO,25,100.0,0.7202,53.44,22.0,18.033,2024-10-01,
CUST06,L01,SVC_ECO,100,500.0,0.6558,53.44,22.0,18.033,2024-10-01,
CUST06,L01,SVC_ECO,500,3000.0,0.5986,53.44,22.0,18.033,2024-10-01,
CUST06,L01,SVC_ECO,3000,,0.5557,53.44,22.0,18.033,2024-10-01,
CUST06,L02,SVC_EXP,0,25.0,1.5948,63.13,22.0,18.033,2024-10-01,
CUST06,L02,SVC_EXP,25,100.0,1.3847,63.13,22.0,18.033,2024-10-01,
CUST06,L02,SVC_EXP,100,500.0,1.1744,63.13,22.0,18.033,2024-10-01,
CUST06,L02,SVC_EXP,500,3000.0,0.9876,63.13,22.0,18.033,2024-10-01,
CUST06,L02,SVC_EXP,3000,,0.8475,63.13,22.0,18.033,2024-10-01,
CUST06,L02,SVC_STD,0,25.0,1.2921,63.13,22.0,18.033,2024-10-01,
CUST06,L02,SVC_STD,25,100.0,1.1364,63.13,22.0,18.033,2024-10-01,
CUST06,L02,SVC_STD,100,500.0,0.9806,63.13,22.0,18.033,2024-10-01,
CUST06,L02,SVC_STD,500,3000.0,0.8422,63.13,22.0,18.033,2024-10-01,
CUST06,L02,SVC_STD,3000,,0.7384,63.13,22.0,18.033,2024-10-01,
CUST06,L02,SVC_ECO,0,25.0,1.1191,63.13,22.0,18.033,2024-10-01,
CUST06,L02,SVC_ECO,25,100.0,0.9945,63.13,22.0,18.033,2024-10-01,
CUST06,L02,SVC_ECO,100,500.0,0.8699,63.13,22.0,18.033,2024-10-01,
CUST06,L02,SVC_ECO,500,3000.0,0.7592,63.13,22.0,18.033,2024-10-01,
CUST06,L02,SVC_ECO,3000,,0.6761,63.13,22.0,18.033,2024-10-01,
CUST06,L03,SVC_EXP,0,25.0,0.8899,51.61,22.0,18.033,2024-10-01,
CUST06,L03,SVC_EXP,25,100.0,0.8066,51.61,22.0,18.033,2024-10-01,
CUST06,L03,SVC_EXP,100,500.0,0.7232,51.61,22.0,18.033,2024-10-01,
CUST06,L03,SVC_EXP,500,3000.0,0.6492,51.61,22.0,18.033,2024-10-01,
CUST06,L03,SVC_EXP,3000,,0.5936,51.61,22.0,18.033,2024-10-01,
CUST06,L03,SVC_STD,0,25.0,0.7699,51.61,22.0,18.033,2024-10-01,
CUST06,L03,SVC_STD,25,100.0,0.7081,51.61,22.0,18.033,2024-10-01,
CUST06,L03,SVC_STD,100,500.0,0.6464,51.61,22.0,18.033,2024-10-01,
CUST06,L03,SVC_STD,500,3000.0,0.5916,51.61,22.0,18.033,2024-10-01,
CUST06,L03,SVC_STD,3000,,0.5505,51.61,22.0,18.033,2024-10-01,
CUST06,L03,SVC_ECO,0,25.0,0.7013,51.61,22.0,18.033,2024-10-01,
CUST06,L03,SVC_ECO,25,100.0,0.6519,51.61,22.0,18.033,2024-10-01,
CUST06,L03,SVC_ECO,100,500.0,0.6026,51.61,22.0,18.033,2024-10-01,
CUST06,L03,SVC_ECO,500,3000.0,0.5586,51.61,22.0,18.033,2024-10-01,
CUST06,L03,SVC_ECO,3000,,0.5257,51.61,22.0,18.033,2024-10-01,
CUST06,L04,SVC_STD,0,25.0,2.0125,84.42,22.0,18.033,2024-10-01,
CUST06,L04,SVC_STD,25,100.0,1.7271,84.42,22.0,18.033,2024-10-01,
CUST06,L04,SVC_STD,100,500.0,1.4417,84.42,22.0,18.033,2024-10-01,
CUST06,L04,SVC_STD,500,3000.0,1.188,84.42,22.0,18.033,2024-10-01,
CUST06,L04,SVC_STD,3000,,0.9978,84.42,22.0,18.033,2024-10-01,
CUST06,L04,SVC_ECO,0,25.0,1.6954,84.42,22.0,18.033,2024-10-01,
CUST06,L04,SVC_ECO,25,100.0,1.4671,84.42,22.0,18.033,2024-10-01,
CUST06,L04,SVC_ECO,100,500.0,1.2388,84.42,22.0,18.033,2024-10-01,
CUST06,L04,SVC_ECO,500,3000.0,1.0358,84.42,22.0,18.033,2024-10-01,
CUST06,L04,SVC_ECO,3000,,0.8836,84.42,22.0,18.033,2024-10-01,
CUST06,L05,SVC_EXP,0,25.0,1.0962,53.92,22.0,18.033,2024-10-01,
CUST06,L05,SVC_EXP,25,100.0,0.9758,53.92,22.0,18.033,2024-10-01,
CUST06,L05,SVC_EXP,100,500.0,0.8553,53.92,22.0,18.033,2024-10-01,
CUST06,L05,SVC_EXP,500,3000.0,0.7482,53.92,22.0,18.033,2024-10-01,
CUST06,L05,SVC_EXP,3000,,0.6679,53.92,22.0,18.033,2024-10-01,
CUST06,L05,SVC_STD,0,25.0,0.9227,53.92,22.0,18.033,2024-10-01,
CUST06,L05,SVC_STD,25,100.0,0.8335,53.92,22.0,18.033,2024-10-01,
CUST06,L05,SVC_STD,100,500.0,0.7443,53.92,22.0,18.033,2024-10-01,
CUST06,L05,SVC_STD,500,3000.0,0.6649,53.92,22.0,18.033,2024-10-01,
CUST06,L05,SVC_STD,3000,,0.6054,53.92,22.0,18.033,2024-10-01,
CUST06,L05,SVC_ECO,0,25.0,0.8236,53.92,22.0,18.033,2024-10-01,
CUST06,L05,SVC_ECO,25,100.0,0.7522,53.92,22.0,18.033,2024-10-01,
CUST06,L05,SVC_ECO,100,500.0,0.6808,53.92,22.0,18.033,2024-10-01,
CUST06,L05,SVC_ECO,500,3000.0,0.6174,53.92,22.0,18.033,2024-10-01,
CUST06,L05,SVC_ECO,3000,,0.5698,53.92,22.0,18.033,2024-10-01,
CUST06,L06,SVC_EXP,0,25.0,0.477,43.62,22.0,18.033,2024-10-01,
CUST06,L06,SVC_EXP,25,100.0,0.468,43.62,22.0,18.033,2024-10-01,
CUST06,L06,SVC_EXP,100,500.0,0.459,43.62,22.0,18.033,2024-10-01,
CUST06,L06,SVC_EXP,500,3000.0,0.451,43.62,22.0,18.033,2024-10-01,
CUST06,L06,SVC_EXP,3000,,0.445,43.62,22.0,18.033,2024-10-01,
CUST06,L06,SVC_STD,0,25.0,0.464,43.62,22.0,18.033,2024-10-01,
CUST06,L06,SVC_STD,25,100.0,0.4574,43.62,22.0,18.033,2024-10-01,
CUST06,L06,SVC_STD,100,500.0,0.4507,43.62,22.0,18.033,2024-10-01,
CUST06,L06,SVC_STD,500,3000.0,0.4448,43.62,22.0,18.033,2024-10-01,
CUST06,L06,SVC_STD,3000,,0.4403,43.62,22.0,18.033,2024-10-01,
CUST06,L07,SVC_EXP,0,25.0,0.4525,43.13,22.0,18.033,2024-10-01,
CUST06,L07,SVC_EXP,25,100.0,0.448,43.13,22.0,18.033,2024-10-01,
CUST06,L07,SVC_EXP,100,500.0,0.4433,43.13,22.0,18.033,2024-10-01,
CUST06,L07,SVC_EXP,500,3000.0,0.4393,43.13,22.0,18.033,2024-10-01,
CUST06,L07,SVC_EXP,3000,,0.4362,43.13,22.0,18.033,2024-10-01,
CUST06,L07,SVC_STD,0,25.0,0.4459,43.13,22.0,18.033,2024-10-01,
CUST06,L07,SVC_STD,25,100.0,0.4425,43.13,22.0,18.033,2024-10-01,
CUST06,L07,SVC_STD,100,500.0,0.4391,43.13,22.0,18.033,2024-10-01,
CUST06,L07,SVC_STD,500,3000.0,0.4361,43.13,22.0,18.033,2024-10-01,
CUST06,L07,SVC_STD,3000,,0.4338,43.13,22.0,18.033,2024-10-01,
CUST06,L08,SVC_STD,0,25.0,0.7139,49.41,22.0,18.033,2024-10-01,
CUST06,L08,SVC_STD,25,100.0,0.6622,49.41,22.0,18.033,2024-10-01,
CUST06,L08,SVC_STD,100,500.0,0.6105,49.41,22.0,18.033,2024-10-01,
CUST06,L08,SVC_STD,500,3000.0,0.5647,49.41,22.0,18.033,2024-10-01,
CUST06,L08,SVC_STD,3000,,0.5303,49.41,22.0,18.033,2024-10-01,
CUST06,L08,SVC_ECO,0,25.0,0.6565,49.41,22.0,18.033,2024-10-01,
CUST06,L08,SVC_ECO,25,100.0,0.6152,49.41,22.0,18.033,2024-10-01,
CUST06,L08,SVC_ECO,100,500.0,0.5738,49.41,22.0,18.033,2024-10-01,
CUST06,L08,SVC_ECO,500,3000.0,0.5372,49.41,22.0,18.033,2024-10-01,
CUST06,L08,SVC_ECO,3000,,0.5097,49.41,22.0,18.033,2024-10-01,
CUST06,L09,SVC_EXP,0,25.0,0.532,44.53,22.0,18.033,2024-10-01,
CUST06,L09,SVC_EXP,25,100.0,0.5131,44.53,22.0,18.033,2024-10-01,
CUST06,L09,SVC_EXP,100,500.0,0.4942,44.53,22.0,18.033,2024-10-01,
CUST06,L09,SVC_EXP,500,3000.0,0.4774,44.53,22.0,18.033,2024-10-01,
CUST06,L09,SVC_EXP,3000,,0.4648,44.53,22.0,18.033,2024-10-01,
CUST06,L09,SVC_STD,0,25.0,0.5048,44.53,22.0,18.033,2024-10-01,
CUST06,L09,SVC_STD,25,100.0,0.4908,44.53,22.0,18.033,2024-10-01,
CUST06,L09,SVC_STD,100,500.0,0.4768,44.53,22.0,18.033,2024-10-01,
CUST06,L09,SVC_STD,500,3000.0,0.4643,44.53,22.0,18.033,2024-10-01,
CUST06,L09,SVC_STD,3000,,0.455,44.53,22.0,18.033,2024-10-01,
CUST06,L09,SVC_ECO,0,25.0,0.4892,44.53,22.0,18.033,2024-10-01,
CUST06,L09,SVC_ECO,25,100.0,0.478,44.53,22.0,18.033,2024-10-01,
CUST06,L09,SVC_ECO,100,500.0,0.4668,44.53,22.0,18.033,2024-10-01,
CUST06,L09,SVC_ECO,500,3000.0,0.4569,44.53,22.0,18.033,2024-10-01,
CUST06,L09,SVC_ECO,3000,,0.4494,44.53,22.0,18.033,2024-10-01,
CUST06,L10,SVC_STD,0,25.0,0.5955,46.66,22.0,18.033,2024-10-01,
CUST06,L10,SVC_STD,25,100.0,0.5652,46.66,22.0,18.033,2024-10-01,
CUST06,L10,SVC_STD,100,500.0,0.5349,46.66,22.0,18.033,2024-10-01,
CUST06,L10,SVC_STD,500,3000.0,0.5079,46.66,22.0,18.033,2024-10-01,
CUST06,L10,SVC_STD,3000,,0.4876,46.66,22.0,18.033,2024-10-01,
CUST06,L10,SVC_ECO,0,25.0,0.5618,46.66,22.0,18.033,2024-10-01,
CUST06,L10,SVC_ECO,25,100.0,0.5375,46.66,22.0,18.033,2024-10-01,
CUST06,L10,SVC_ECO,100,500.0,0.5133,46.66,22.0,18.033,2024-10-01,
CUST06,L10,SVC_ECO,500,3000.0,0.4917,46.66,22.0,18.033,2024-10-01,
CUST06,L10,SVC_ECO,3000,,0.4756,46.66,22.0,18.033,2024-10-01,
CUST06,L11,SVC_ECO,0,25.0,1.891,88.45,22.0,18.033,2024-10-01,
CUST06,L11,SVC_ECO,25,100.0,1.6275,88.45,22.0,18.033,2024-10-01,
CUST06,L11,SVC_ECO,100,500.0,1.364,88.45,22.0,18.033,2024-10-01,
CUST06,L11,SVC_ECO,500,3000.0,1.1297,88.45,22.0,18.033,2024-10-01,
CUST06,L11,SVC_ECO,3000,,0.954,88.45,22.0,18.033,2024-10-01,
CUST06,L12,SVC_STD,0,25.0,2.3417,93.09,22.0,18.033,2024-10-01,
CUST06,L12,SVC_STD,25,100.0,1.997,93.09,22.0,18.033,2024-10-01,
CUST06,L12,SVC_STD,100,500.0,1.6524,93.09,22.0,18.033,2024-10-01,
CUST06,L12,SVC_STD,500,3000.0,1.346,93.09,22.0,18.033,2024-10-01,
CUST06,L12,SVC_STD,3000,,1.1163,93.09,22.0,18.033,2024-10-01,
CUST06,L12,SVC_ECO,0,25.0,1.9588,93.09,22.0,18.033,2024-10-01,
CUST06,L12,SVC_ECO,25,100.0,1.6831,93.09,22.0,18.033,2024-10-01,
CUST06,L12,SVC_ECO,100,500.0,1.4073,93.09,22.0,18.033,2024-10-01,
CUST06,L12,SVC_ECO,500,3000.0,1.1622,93.09,22.0,18.033,2024-10-01,
CUST06,L12,SVC_ECO,3000,,0.9784,93.09,22.0,18.033,2024-10-01,
CUST07,L01,SVC_EXP,0,25.0,1.0979,56.94,30.0,23.077,2024-10-01,
CUST07,L01,SVC_EXP,25,100.0,0.9821,56.94,30.0,23.077,2024-10-01,
CUST07,L01,SVC_EXP,100,500.0,0.8664,56.94,30.0,23.077,2024-10-01,
CUST07,L01,SVC_EXP,500,3000.0,0.7636,56.94,30.0,23.077,2024-10-01,
CUST07,L01,SVC_EXP,3000,,0.6864,56.94,30.0,23.077,2024-10-01,
CUST07,L01,SVC_STD,0,25.0,0.9312,56.94,30.0,23.077,2024-10-01,
CUST07,L01,SVC_STD,25,100.0,0.8455,56.94,30.0,23.077,2024-10-01,
CUST07,L01,SVC_STD,100,500.0,0.7598,56.94,30.0,23.077,2024-10-01,
CUST07,L01,SVC_STD,500,3000.0,0.6835,56.94,30.0,23.077,2024-10-01,
CUST07,L01,SVC_STD,3000,,0.6264,56.94,30.0,23.077,2024-10-01,
CUST07,L01,SVC_ECO,0,25.0,0.836,56.94,30.0,23.077,2024-10-01,
CUST07,L01,SVC_ECO,25,100.0,0.7674,56.94,30.0,23.077,2024-10-01,
CUST07,L01,SVC_ECO,100,500.0,0.6988,56.94,30.0,23.077,2024-10-01,
CUST07,L01,SVC_ECO,500,3000.0,0.6378,56.94,30.0,23.077,2024-10-01,
CUST07,L01,SVC_ECO,3000,,0.5922,56.94,30.0,23.077,2024-10-01,
CUST07,L02,SVC_EXP,0,25.0,1.6994,67.28,30.0,23.077,2024-10-01,
CUST07,L02,SVC_EXP,25,100.0,1.4755,67.28,30.0,23.077,2024-10-01,
CUST07,L02,SVC_EXP,100,500.0,1.2514,67.28,30.0,23.077,2024-10-01,
CUST07,L02,SVC_EXP,500,3000.0,1.0523,67.28,30.0,23.077,2024-10-01,
CUST07,L02,SVC_EXP,3000,,0.903,67.28,30.0,23.077,2024-10-01,
CUST07,L02,SVC_STD,0,25.0,1.3768,67.28,30.0,23.077,2024-10-01,
CUST07,L02,SVC_STD,25,100.0,1.2109,67.28,30.0,23.077,2024-10-01,
CUST07,L02,SVC_STD,100,500.0,1.0449,67.28,30.0,23.077,2024-10-01,
CUST07,L02,SVC_STD,500,3000.0,0.8975,67.28,30.0,23.077,2024-10-01,
CUST07,L02,SVC_STD,3000,,0.7868,67.28,30.0,23.077,2024-10-01,
CUST07,L02,SVC_ECO,0,25.0,1.1924,67.28,30.0,23.077,2024-10-01,
CUST07,L02,SVC_ECO,25,100.0,1.0597,67.28,30.0,23.077,2024-10-01,
CUST07,L02,SVC_ECO,100,500.0,0.927,67.28,30.0,23.077,2024-10-01,
CUST07,L02,SVC_ECO,500,3000.0,0.8089,67.28,30.0,23.077,2024-10-01,
CUST07,L02,SVC_ECO,3000,,0.7205,67.28,30.0,23.077,2024-10-01,
CUST07,L03,SVC_EXP,0,25.0,0.9483,54.99,30.0,23.077,2024-10-01,
CUST07,L03,SVC_EXP,25,100.0,0.8595,54.99,30.0,23.077,2024-10-01,
CUST07,L03,SVC_EXP,100,500.0,0.7706,54.99,30.0,23.077,2024-10-01,
CUST07,L03,SVC_EXP,500,3000.0,0.6918,54.99,30.0,23.077,2024-10-01,
CUST07,L03,SVC_EXP,3000,,0.6325,54.99,30.0,23.077,2024-10-01,
CUST07,L03,SVC_STD,0,25.0,0.8203,54.99,30.0,23.077,2024-10-01,
CUST07,L03,SVC_STD,25,100.0,0.7546,54.99,30.0,23.077,2024-10-01,
CUST07,L03,SVC_STD,100,500.0,0.6888,54.99,30.0,23.077,2024-10-01,
CUST07,L03,SVC_STD,500,3000.0,0.6304,54.99,30.0,23.077,2024-10-01,
CUST07,L03,SVC_STD,3000,,0.5866,54.99,30.0,23.077,2024-10-01,
CUST07,L03,SVC_ECO,0,25.0,0.7473,54.99,30.0,23.077,2024-10-01,
CUST07,L03,SVC_ECO,25,100.0,0.6947,54.99,30.0,23.077,2024-10-01,
CUST07,L03,SVC_ECO,100,500.0,0.6421,54.99,30.0,23.077,2024-10-01,
CUST07,L03,SVC_ECO,500,3000.0,0.5953,54.99,30.0,23.077,2024-10-01,
CUST07,L03,SVC_ECO,3000,,0.5602,54.99,30.0,23.077,2024-10-01,
CUST07,L04,SVC_STD,0,25.0,2.1445,89.96,30.0,23.077,2024-10-01,
CUST07,L04,SVC_STD,25,100.0,1.8403,89.96,30.0,23.077,2024-10-01,
CUST07,L04,SVC_STD,100,500.0,1.5363,89.96,30.0,23.077,2024-10-01,
CUST07,L04,SVC_STD,500,3000.0,1.2659,89.96,30.0,23.077,2024-10-01,
CUST07,L04,SVC_STD,3000,,1.0632,89.96,30.0,23.077,2024-10-01,
CUST07,L04,SVC_ECO,0,25.0,1.8065,89.96,30.0,23.077,2024-10-01,
CUST07,L04,SVC_ECO,25,100.0,1.5633,89.96,30.0,23.077,2024-10-01,
CUST07,L04,SVC_ECO,100,500.0,1.32,89.96,30.0,23.077,2024-10-01,
CUST07,L04,SVC_ECO,500,3000.0,1.1038,89.96,30.0,23.077,2024-10-01,
CUST07,L04,SVC_ECO,3000,,0.9416,89.96,30.0,23.077,2024-10-01,
CUST07,L05,SVC_EXP,0,25.0,1.1681,57.46,30.0,23.077,2024-10-01,
CUST07,L05,SVC_EXP,25,100.0,1.0397,57.46,30.0,23.077,2024-10-01,
CUST07,L05,SVC_EXP,100,500.0,0.9114,57.46,30.0,23.077,2024-10-01,
CUST07,L05,SVC_EXP,500,3000.0,0.7973,57.46,30.0,23.077,2024-10-01,
CUST07,L05,SVC_EXP,3000,,0.7117,57.46,30.0,23.077,2024-10-01,
CUST07,L05,SVC_STD,0,25.0,0.9832,57.46,30.0,23.077,2024-10-01,
CUST07,L05,SVC_STD,25,100.0,0.8881,57.46,30.0,23.077,2024-10-01,
CUST07,L05,SVC_STD,100,500.0,0.7931,57.46,30.0,23.077,2024-10-01,
CUST07,L05,SVC_STD,500,3000.0,0.7085,57.46,30.0,23.077,2024-10-01,
CUST07,L05,SVC_STD,3000,,0.6451,57.46,30.0,23.077,2024-10-01,
CUST07,L05,SVC_ECO,0,25.0,0.8776,57.46,30.0,23.077,2024-10-01,
CUST07,L05,SVC_ECO,25,100.0,0.8015,57.46,30.0,23.077,2024-10-01,
CUST07,L05,SVC_ECO,100,500.0,0.7254,57.46,30.0,23.077,2024-10-01,
CUST07,L05,SVC_ECO,500,3000.0,0.6578,57.46,30.0,23.077,2024-10-01,
CUST07,L05,SVC_ECO,3000,,0.6071,57.46,30.0,23.077,2024-10-01,
CUST07,L06,SVC_EXP,0,25.0,0.5083,46.48,30.0,23.077,2024-10-01,
CUST07,L06,SVC_EXP,25,100.0,0.4987,46.48,30.0,23.077,2024-10-01,
CUST07,L06,SVC_EXP,100,500.0,0.4891,46.48,30.0,23.077,2024-10-01,
CUST07,L06,SVC_EXP,500,3000.0,0.4806,46.48,30.0,23.077,2024-10-01,
CUST07,L06,SVC_EXP,3000,,0.4742,46.48,30.0,23.077,2024-10-01,
CUST07,L06,SVC_STD,0,25.0,0.4945,46.48,30.0,23.077,2024-10-01,
CUST07,L06,SVC_STD,25,100.0,0.4874,46.48,30.0,23.077,2024-10-01,
CUST07,L06,SVC_STD,100,500.0,0.4803,46.48,30.0,23.077,2024-10-01,
CUST07,L06,SVC_STD,500,3000.0,0.4739,46.48,30.0,23.077,2024-10-01,
CUST07,L06,SVC_STD,3000,,0.4692,46.48,30.0,23.077,2024-10-01,
CUST07,L07,SVC_EXP,0,25.0,0.4822,45.96,30.0,23.077,2024-10-01,
CUST07,L07,SVC_EXP,25,100.0,0.4774,45.96,30.0,23.077,2024-10-01,
CUST07,L07,SVC_EXP,100,500.0,0.4724,45.96,30.0,23.077,2024-10-01,
CUST07,L07,SVC_EXP,500,3000.0,0.4681,45.96,30.0,23.077,2024-10-01,
CUST07,L07,SVC_EXP,3000,,0.4648,45.96,30.0,23.077,2024-10-01,
CUST07,L07,SVC_STD,0,25.0,0.4752,45.96,30.0,23.077,2024-10-01,
CUST07,L07,SVC_STD,25,100.0,0.4716,45.96,30.0,23.077,2024-10-01,
CUST07,L07,SVC_STD,100,500.0,0.4679,45.96,30.0,23.077,2024-10-01,
CUST07,L07,SVC_STD,500,3000.0,0.4647,45.96,30.0,23.077,2024-10-01,
CUST07,L07,SVC_STD,3000,,0.4622,45.96,30.0,23.077,2024-10-01,
CUST07,L08,SVC_STD,0,25.0,0.7607,52.65,30.0,23.077,2024-10-01,
CUST07,L08,SVC_STD,25,100.0,0.7056,52.65,30.0,23.077,2024-10-01,
CUST07,L08,SVC_STD,100,500.0,0.6506,52.65,30.0,23.077,2024-10-01,
CUST07,L08,SVC_STD,500,3000.0,0.6017,52.65,30.0,23.077,2024-10-01,
CUST07,L08,SVC_STD,3000,,0.565,52.65,30.0,23.077,2024-10-01,
CUST07,L08,SVC_ECO,0,25.0,0.6995,52.65,30.0,23.077,2024-10-01,
CUST07,L08,SVC_ECO,25,100.0,0.6555,52.65,30.0,23.077,2024-10-01,
CUST07,L08,SVC_ECO,100,500.0,0.6115,52.65,30.0,23.077,2024-10-01,
CUST07,L08,SVC_ECO,500,3000.0,0.5724,52.65,30.0,23.077,2024-10-01,
CUST07,L08,SVC_ECO,3000,,0.5431,52.65,30.0,23.077,2024-10-01,
CUST07,L09,SVC_EXP,0,25.0,0.5668,47.45,30.0,23.077,2024-10-01,
CUST07,L09,SVC_EXP,25,100.0,0.5467,47.45,30.0,23.077,2024-10-01,
CUST07,L09,SVC_EXP,100,500.0,0.5266,47.45,30.0,23.077,2024-10-01,
CUST07,L09,SVC_EXP,500,3000.0,0.5087,47.45,30.0,23.077,2024-10-01,
CUST07,L09,SVC_EXP,3000,,0.4953,47.45,30.0,23.077,2024-10-01,
CUST07,L09,SVC_STD,0,25.0,0.5379,47.45,30.0,23.077,2024-10-01,
CUST07,L09,SVC_STD,25,100.0,0.523,47.45,30.0,23.077,2024-10-01,
CUST07,L09,SVC_STD,100,500.0,0.508,47.45,30.0,23.077,2024-10-01,
CUST07,L09,SVC_STD,500,3000.0,0.4947,47.45,30.0,23.077,2024-10-01,
CUST07,L09,SVC_STD,3000,,0.4848,47.45,30.0,23.077,2024-10-01,
CUST07,L09,SVC_ECO,0,25.0,0.5213,47.45,30.0,23.077,2024-10-01,
CUST07,L09,SVC_ECO,25,100.0,0.5094,47.45,30.0,23.077,2024-10-01,
CUST07,L09,SVC_ECO,100,500.0,0.4974,47.45,30.0,23.077,2024-10-01,
CUST07,L09,SVC_ECO,500,3000.0,0.4869,47.45,30.0,23.077,2024-10-01,
CUST07,L09,SVC_ECO,3000,,0.4789,47.45,30.0,23.077,2024-10-01,
CUST07,L10,SVC_STD,0,25.0,0.6346,49.73,30.0,23.077,2024-10-01,
CUST07,L10,SVC_STD,25,100.0,0.6022,49.73,30.0,23.077,2024-10-01,
CUST07,L10,SVC_STD,100,500.0,0.57,49.73,30.0,23.077,2024-10-01,
CUST07,L10,SVC_STD,500,3000.0,0.5412,49.73,30.0,23.077,2024-10-01,
CUST07,L10,SVC_STD,3000,,0.5196,49.73,30.0,23.077,2024-10-01,
CUST07,L10,SVC_ECO,0,25.0,0.5987,49.73,30.0,23.077,2024-10-01,
CUST07,L10,SVC_ECO,25,100.0,0.5728,49.73,30.0,23.077,2024-10-01,
CUST07,L10,SVC_ECO,100,500.0,0.5469,49.73,30.0,23.077,2024-10-01,
CUST07,L10,SVC_ECO,500,3000.0,0.5239,49.73,30.0,23.077,2024-10-01,
CUST07,L10,SVC_ECO,3000,,0.5067,49.73,30.0,23.077,2024-10-01,
CUST07,L11,SVC_ECO,0,25.0,2.015,94.25,30.0,23.077,2024-10-01,
CUST07,L11,SVC_ECO,25,100.0,1.7342,94.25,30.0,23.077,2024-10-01,
CUST07,L11,SVC_ECO,100,500.0,1.4534,94.25,30.0,23.077,2024-10-01,
CUST07,L11,SVC_ECO,500,3000.0,1.2038,94.25,30.0,23.077,2024-10-01,
CUST07,L11,SVC_ECO,3000,,1.0166,94.25,30.0,23.077,2024-10-01,
CUST07,L12,SVC_STD,0,25.0,2.4952,99.19,30.0,23.077,2024-10-01,
CUST07,L12,SVC_STD,25,100.0,2.128,99.19,30.0,23.077,2024-10-01,
CUST07,L12,SVC_STD,100,500.0,1.7607,99.19,30.0,23.077,2024-10-01,
CUST07,L12,SVC_STD,500,3000.0,1.4343,99.19,30.0,23.077,2024-10-01,
CUST07,L12,SVC_STD,3000,,1.1895,99.19,30.0,23.077,2024-10-01,
CUST07,L12,SVC_ECO,0,25.0,2.0872,99.19,30.0,23.077,2024-10-01,
CUST07,L12,SVC_ECO,25,100.0,1.7934,99.19,30.0,23.077,2024-10-01,
CUST07,L12,SVC_ECO,100,500.0,1.4996,99.19,30.0,23.077,2024-10-01,
CUST07,L12,SVC_ECO,500,3000.0,1.2384,99.19,30.0,23.077,2024-10-01,
CUST07,L12,SVC_ECO,3000,,1.0426,99.19,30.0,23.077,2024-10-01,
CUST08,L01,SVC_EXP,0,25.0,1.0303,53.44,22.0,18.033,2024-10-01,
CUST08,L01,SVC_EXP,25,100.0,0.9217,53.44,22.0,18.033,2024-10-01,
CUST08,L01,SVC_EXP,100,500.0,0.8131,53.44,22.0,18.033,2024-10-01,
CUST08,L01,SVC_EXP,500,3000.0,0.7166,53.44,22.0,18.033,2024-10-01,
CUST08,L01,SVC_EXP,3000,,0.6442,53.44,22.0,18.033,2024-10-01,
CUST08,L01,SVC_STD,0,25.0,0.8739,53.44,22.0,18.033,2024-10-01,
CUST08,L01,SVC_STD,25,100.0,0.7934,53.44,22.0,18.033,2024-10-01,
CUST08,L01,SVC_STD,100,500.0,0.713,53.44,22.0,18.033,2024-10-01,
CUST08,L01,SVC_STD,500,3000.0,0.6415,53.44,22.0,18.033,2024-10-01,
CUST08,L01,SVC_STD,3000,,0.5879,53.44,22.0,18.033,2024-10-01,
CUST08,L01,SVC_ECO,0,25.0,0.7845,53.44,22.0,18.033,2024-10-01,
CUST08,L01,SVC_ECO,25,100.0,0.7202,53.44,22.0,18.033,2024-10-01,
CUST08,L01,SVC_ECO,100,500.0,0.6558,53.44,22.0,18.033,2024-10-01,
CUST08,L01,SVC_ECO,500,3000.0,0.5986,53.44,22.0,18.033,2024-10-01,
CUST08,L01,SVC_ECO,3000,,0.5557,53.44,22.0,18.033,2024-10-01,
CUST08,L02,SVC_EXP,0,25.0,1.5948,63.13,22.0,18.033,2024-10-01,
CUST08,L02,SVC_EXP,25,100.0,1.3847,63.13,22.0,18.033,2024-10-01,
CUST08,L02,SVC_EXP,100,500.0,1.1744,63.13,22.0,18.033,2024-10-01,
CUST08,L02,SVC_EXP,500,3000.0,0.9876,63.13,22.0,18.033,2024-10-01,
CUST08,L02,SVC_EXP,3000,,0.8475,63.13,22.0,18.033,2024-10-01,
CUST08,L02,SVC_STD,0,25.0,1.2921,63.13,22.0,18.033,2024-10-01,
CUST08,L02,SVC_STD,25,100.0,1.1364,63.13,22.0,18.033,2024-10-01,
CUST08,L02,SVC_STD,100,500.0,0.9806,63.13,22.0,18.033,2024-10-01,
CUST08,L02,SVC_STD,500,3000.0,0.8422,63.13,22.0,18.033,2024-10-01,
CUST08,L02,SVC_STD,3000,,0.7384,63.13,22.0,18.033,2024-10-01,
CUST08,L02,SVC_ECO,0,25.0,1.1191,63.13,22.0,18.033,2024-10-01,
CUST08,L02,SVC_ECO,25,100.0,0.9945,63.13,22.0,18.033,2024-10-01,
CUST08,L02,SVC_ECO,100,500.0,0.8699,63.13,22.0,18.033,2024-10-01,
CUST08,L02,SVC_ECO,500,3000.0,0.7592,63.13,22.0,18.033,2024-10-01,
CUST08,L02,SVC_ECO,3000,,0.6761,63.13,22.0,18.033,2024-10-01,
CUST08,L03,SVC_EXP,0,25.0,0.8899,51.61,22.0,18.033,2024-10-01,
CUST08,L03,SVC_EXP,25,100.0,0.8066,51.61,22.0,18.033,2024-10-01,
CUST08,L03,SVC_EXP,100,500.0,0.7232,51.61,22.0,18.033,2024-10-01,
CUST08,L03,SVC_EXP,500,3000.0,0.6492,51.61,22.0,18.033,2024-10-01,
CUST08,L03,SVC_EXP,3000,,0.5936,51.61,22.0,18.033,2024-10-01,
CUST08,L03,SVC_STD,0,25.0,0.7699,51.61,22.0,18.033,2024-10-01,
CUST08,L03,SVC_STD,25,100.0,0.7081,51.61,22.0,18.033,2024-10-01,
CUST08,L03,SVC_STD,100,500.0,0.6464,51.61,22.0,18.033,2024-10-01,
CUST08,L03,SVC_STD,500,3000.0,0.5916,51.61,22.0,18.033,2024-10-01,
CUST08,L03,SVC_STD,3000,,0.5505,51.61,22.0,18.033,2024-10-01,
CUST08,L03,SVC_ECO,0,25.0,0.7013,51.61,22.0,18.033,2024-10-01,
CUST08,L03,SVC_ECO,25,100.0,0.6519,51.61,22.0,18.033,2024-10-01,
CUST08,L03,SVC_ECO,100,500.0,0.6026,51.61,22.0,18.033,2024-10-01,
CUST08,L03,SVC_ECO,500,3000.0,0.5586,51.61,22.0,18.033,2024-10-01,
CUST08,L03,SVC_ECO,3000,,0.5257,51.61,22.0,18.033,2024-10-01,
CUST08,L04,SVC_STD,0,25.0,2.0125,84.42,22.0,18.033,2024-10-01,
CUST08,L04,SVC_STD,25,100.0,1.7271,84.42,22.0,18.033,2024-10-01,
CUST08,L04,SVC_STD,100,500.0,1.4417,84.42,22.0,18.033,2024-10-01,
CUST08,L04,SVC_STD,500,3000.0,1.188,84.42,22.0,18.033,2024-10-01,
CUST08,L04,SVC_STD,3000,,0.9978,84.42,22.0,18.033,2024-10-01,
CUST08,L04,SVC_ECO,0,25.0,1.6954,84.42,22.0,18.033,2024-10-01,
CUST08,L04,SVC_ECO,25,100.0,1.4671,84.42,22.0,18.033,2024-10-01,
CUST08,L04,SVC_ECO,100,500.0,1.2388,84.42,22.0,18.033,2024-10-01,
CUST08,L04,SVC_ECO,500,3000.0,1.0358,84.42,22.0,18.033,2024-10-01,
CUST08,L04,SVC_ECO,3000,,0.8836,84.42,22.0,18.033,2024-10-01,
CUST08,L05,SVC_EXP,0,25.0,1.0962,53.92,22.0,18.033,2024-10-01,
CUST08,L05,SVC_EXP,25,100.0,0.9758,53.92,22.0,18.033,2024-10-01,
CUST08,L05,SVC_EXP,100,500.0,0.8553,53.92,22.0,18.033,2024-10-01,
CUST08,L05,SVC_EXP,500,3000.0,0.7482,53.92,22.0,18.033,2024-10-01,
CUST08,L05,SVC_EXP,3000,,0.6679,53.92,22.0,18.033,2024-10-01,
CUST08,L05,SVC_STD,0,25.0,0.9227,53.92,22.0,18.033,2024-10-01,
CUST08,L05,SVC_STD,25,100.0,0.8335,53.92,22.0,18.033,2024-10-01,
CUST08,L05,SVC_STD,100,500.0,0.7443,53.92,22.0,18.033,2024-10-01,
CUST08,L05,SVC_STD,500,3000.0,0.6649,53.92,22.0,18.033,2024-10-01,
CUST08,L05,SVC_STD,3000,,0.6054,53.92,22.0,18.033,2024-10-01,
CUST08,L05,SVC_ECO,0,25.0,0.8236,53.92,22.0,18.033,2024-10-01,
CUST08,L05,SVC_ECO,25,100.0,0.7522,53.92,22.0,18.033,2024-10-01,
CUST08,L05,SVC_ECO,100,500.0,0.6808,53.92,22.0,18.033,2024-10-01,
CUST08,L05,SVC_ECO,500,3000.0,0.6174,53.92,22.0,18.033,2024-10-01,
CUST08,L05,SVC_ECO,3000,,0.5698,53.92,22.0,18.033,2024-10-01,
CUST08,L06,SVC_EXP,0,25.0,0.477,43.62,22.0,18.033,2024-10-01,
CUST08,L06,SVC_EXP,25,100.0,0.468,43.62,22.0,18.033,2024-10-01,
CUST08,L06,SVC_EXP,100,500.0,0.459,43.62,22.0,18.033,2024-10-01,
CUST08,L06,SVC_EXP,500,3000.0,0.451,43.62,22.0,18.033,2024-10-01,
CUST08,L06,SVC_EXP,3000,,0.445,43.62,22.0,18.033,2024-10-01,
CUST08,L06,SVC_STD,0,25.0,0.464,43.62,22.0,18.033,2024-10-01,
CUST08,L06,SVC_STD,25,100.0,0.4574,43.62,22.0,18.033,2024-10-01,
CUST08,L06,SVC_STD,100,500.0,0.4507,43.62,22.0,18.033,2024-10-01,
CUST08,L06,SVC_STD,500,3000.0,0.4448,43.62,22.0,18.033,2024-10-01,
CUST08,L06,SVC_STD,3000,,0.4403,43.62,22.0,18.033,2024-10-01,
CUST08,L07,SVC_EXP,0,25.0,0.4525,43.13,22.0,18.033,2024-10-01,
CUST08,L07,SVC_EXP,25,100.0,0.448,43.13,22.0,18.033,2024-10-01,
CUST08,L07,SVC_EXP,100,500.0,0.4433,43.13,22.0,18.033,2024-10-01,
CUST08,L07,SVC_EXP,500,3000.0,0.4393,43.13,22.0,18.033,2024-10-01,
CUST08,L07,SVC_EXP,3000,,0.4362,43.13,22.0,18.033,2024-10-01,
CUST08,L07,SVC_STD,0,25.0,0.4459,43.13,22.0,18.033,2024-10-01,
CUST08,L07,SVC_STD,25,100.0,0.4425,43.13,22.0,18.033,2024-10-01,
CUST08,L07,SVC_STD,100,500.0,0.4391,43.13,22.0,18.033,2024-10-01,
CUST08,L07,SVC_STD,500,3000.0,0.4361,43.13,22.0,18.033,2024-10-01,
CUST08,L07,SVC_STD,3000,,0.4338,43.13,22.0,18.033,2024-10-01,
CUST08,L08,SVC_STD,0,25.0,0.7139,49.41,22.0,18.033,2024-10-01,
CUST08,L08,SVC_STD,25,100.0,0.6622,49.41,22.0,18.033,2024-10-01,
CUST08,L08,SVC_STD,100,500.0,0.6105,49.41,22.0,18.033,2024-10-01,
CUST08,L08,SVC_STD,500,3000.0,0.5647,49.41,22.0,18.033,2024-10-01,
CUST08,L08,SVC_STD,3000,,0.5303,49.41,22.0,18.033,2024-10-01,
CUST08,L08,SVC_ECO,0,25.0,0.6565,49.41,22.0,18.033,2024-10-01,
CUST08,L08,SVC_ECO,25,100.0,0.6152,49.41,22.0,18.033,2024-10-01,
CUST08,L08,SVC_ECO,100,500.0,0.5738,49.41,22.0,18.033,2024-10-01,
CUST08,L08,SVC_ECO,500,3000.0,0.5372,49.41,22.0,18.033,2024-10-01,
CUST08,L08,SVC_ECO,3000,,0.5097,49.41,22.0,18.033,2024-10-01,
CUST08,L09,SVC_EXP,0,25.0,0.532,44.53,22.0,18.033,2024-10-01,
CUST08,L09,SVC_EXP,25,100.0,0.5131,44.53,22.0,18.033,2024-10-01,
CUST08,L09,SVC_EXP,100,500.0,0.4942,44.53,22.0,18.033,2024-10-01,
CUST08,L09,SVC_EXP,500,3000.0,0.4774,44.53,22.0,18.033,2024-10-01,
CUST08,L09,SVC_EXP,3000,,0.4648,44.53,22.0,18.033,2024-10-01,
CUST08,L09,SVC_STD,0,25.0,0.5048,44.53,22.0,18.033,2024-10-01,
CUST08,L09,SVC_STD,25,100.0,0.4908,44.53,22.0,18.033,2024-10-01,
CUST08,L09,SVC_STD,100,500.0,0.4768,44.53,22.0,18.033,2024-10-01,
CUST08,L09,SVC_STD,500,3000.0,0.4643,44.53,22.0,18.033,2024-10-01,
CUST08,L09,SVC_STD,3000,,0.455,44.53,22.0,18.033,2024-10-01,
CUST08,L09,SVC_ECO,0,25.0,0.4892,44.53,22.0,18.033,2024-10-01,
CUST08,L09,SVC_ECO,25,100.0,0.478,44.53,22.0,18.033,2024-10-01,
CUST08,L09,SVC_ECO,100,500.0,0.4668,44.53,22.0,18.033,2024-10-01,
CUST08,L09,SVC_ECO,500,3000.0,0.4569,44.53,22.0,18.033,2024-10-01,
CUST08,L09,SVC_ECO,3000,,0.4494,44.53,22.0,18.033,2024-10-01,
CUST08,L10,SVC_STD,0,25.0,0.5955,46.66,22.0,18.033,2024-10-01,
CUST08,L10,SVC_STD,25,100.0,0.5652,46.66,22.0,18.033,2024-10-01,
CUST08,L10,SVC_STD,100,500.0,0.5349,46.66,22.0,18.033,2024-10-01,
CUST08,L10,SVC_STD,500,3000.0,0.5079,46.66,22.0,18.033,2024-10-01,
CUST08,L10,SVC_STD,3000,,0.4876,46.66,22.0,18.033,2024-10-01,
CUST08,L10,SVC_ECO,0,25.0,0.5618,46.66,22.0,18.033,2024-10-01,
CUST08,L10,SVC_ECO,25,100.0,0.5375,46.66,22.0,18.033,2024-10-01,
CUST08,L10,SVC_ECO,100,500.0,0.5133,46.66,22.0,18.033,2024-10-01,
CUST08,L10,SVC_ECO,500,3000.0,0.4917,46.66,22.0,18.033,2024-10-01,
CUST08,L10,SVC_ECO,3000,,0.4756,46.66,22.0,18.033,2024-10-01,
CUST08,L11,SVC_ECO,0,25.0,1.891,88.45,22.0,18.033,2024-10-01,
CUST08,L11,SVC_ECO,25,100.0,1.6275,88.45,22.0,18.033,2024-10-01,
CUST08,L11,SVC_ECO,100,500.0,1.364,88.45,22.0,18.033,2024-10-01,
CUST08,L11,SVC_ECO,500,3000.0,1.1297,88.45,22.0,18.033,2024-10-01,
CUST08,L11,SVC_ECO,3000,,0.954,88.45,22.0,18.033,2024-10-01,
CUST08,L12,SVC_STD,0,25.0,2.3417,93.09,22.0,18.033,2024-10-01,
CUST08,L12,SVC_STD,25,100.0,1.997,93.09,22.0,18.033,2024-10-01,
CUST08,L12,SVC_STD,100,500.0,1.6524,93.09,22.0,18.033,2024-10-01,
CUST08,L12,SVC_STD,500,3000.0,1.346,93.09,22.0,18.033,2024-10-01,
CUST08,L12,SVC_STD,3000,,1.1163,93.09,22.0,18.033,2024-10-01,
CUST08,L12,SVC_ECO,0,25.0,1.9588,93.09,22.0,18.033,2024-10-01,
CUST08,L12,SVC_ECO,25,100.0,1.6831,93.09,22.0,18.033,2024-10-01,
CUST08,L12,SVC_ECO,100,500.0,1.4073,93.09,22.0,18.033,2024-10-01,
CUST08,L12,SVC_ECO,500,3000.0,1.1622,93.09,22.0,18.033,2024-10-01,
CUST08,L12,SVC_ECO,3000,,0.9784,93.09,22.0,18.033,2024-10-01,
CUST09,L01,SVC_EXP,0,25.0,1.0979,56.94,30.0,23.077,2024-10-01,
CUST09,L01,SVC_EXP,25,100.0,0.9821,56.94,30.0,23.077,2024-10-01,
CUST09,L01,SVC_EXP,100,500.0,0.8664,56.94,30.0,23.077,2024-10-01,
CUST09,L01,SVC_EXP,500,3000.0,0.7636,56.94,30.0,23.077,2024-10-01,
CUST09,L01,SVC_EXP,3000,,0.6864,56.94,30.0,23.077,2024-10-01,
CUST09,L01,SVC_STD,0,25.0,0.9312,56.94,30.0,23.077,2024-10-01,
CUST09,L01,SVC_STD,25,100.0,0.8455,56.94,30.0,23.077,2024-10-01,
CUST09,L01,SVC_STD,100,500.0,0.7598,56.94,30.0,23.077,2024-10-01,
CUST09,L01,SVC_STD,500,3000.0,0.6835,56.94,30.0,23.077,2024-10-01,
CUST09,L01,SVC_STD,3000,,0.6264,56.94,30.0,23.077,2024-10-01,
CUST09,L01,SVC_ECO,0,25.0,0.836,56.94,30.0,23.077,2024-10-01,
CUST09,L01,SVC_ECO,25,100.0,0.7674,56.94,30.0,23.077,2024-10-01,
CUST09,L01,SVC_ECO,100,500.0,0.6988,56.94,30.0,23.077,2024-10-01,
CUST09,L01,SVC_ECO,500,3000.0,0.6378,56.94,30.0,23.077,2024-10-01,
CUST09,L01,SVC_ECO,3000,,0.5922,56.94,30.0,23.077,2024-10-01,
CUST09,L02,SVC_EXP,0,25.0,1.6994,67.28,30.0,23.077,2024-10-01,
CUST09,L02,SVC_EXP,25,100.0,1.4755,67.28,30.0,23.077,2024-10-01,
CUST09,L02,SVC_EXP,100,500.0,1.2514,67.28,30.0,23.077,2024-10-01,
CUST09,L02,SVC_EXP,500,3000.0,1.0523,67.28,30.0,23.077,2024-10-01,
CUST09,L02,SVC_EXP,3000,,0.903,67.28,30.0,23.077,2024-10-01,
CUST09,L02,SVC_STD,0,25.0,1.3768,67.28,30.0,23.077,2024-10-01,
CUST09,L02,SVC_STD,25,100.0,1.2109,67.28,30.0,23.077,2024-10-01,
CUST09,L02,SVC_STD,100,500.0,1.0449,67.28,30.0,23.077,2024-10-01,
CUST09,L02,SVC_STD,500,3000.0,0.8975,67.28,30.0,23.077,2024-10-01,
CUST09,L02,SVC_STD,3000,,0.7868,67.28,30.0,23.077,2024-10-01,
CUST09,L02,SVC_ECO,0,25.0,1.1924,67.28,30.0,23.077,2024-10-01,
CUST09,L02,SVC_ECO,25,100.0,1.0597,67.28,30.0,23.077,2024-10-01,
CUST09,L02,SVC_ECO,100,500.0,0.927,67.28,30.0,23.077,2024-10-01,
CUST09,L02,SVC_ECO,500,3000.0,0.8089,67.28,30.0,23.077,2024-10-01,
CUST09,L02,SVC_ECO,3000,,0.7205,67.28,30.0,23.077,2024-10-01,
CUST09,L03,SVC_EXP,0,25.0,0.9483,54.99,30.0,23.077,2024-10-01,
CUST09,L03,SVC_EXP,25,100.0,0.8595,54.99,30.0,23.077,2024-10-01,
CUST09,L03,SVC_EXP,100,500.0,0.7706,54.99,30.0,23.077,2024-10-01,
CUST09,L03,SVC_EXP,500,3000.0,0.6918,54.99,30.0,23.077,2024-10-01,
CUST09,L03,SVC_EXP,3000,,0.6325,54.99,30.0,23.077,2024-10-01,
CUST09,L03,SVC_STD,0,25.0,0.8203,54.99,30.0,23.077,2024-10-01,
CUST09,L03,SVC_STD,25,100.0,0.7546,54.99,30.0,23.077,2024-10-01,
CUST09,L03,SVC_STD,100,500.0,0.6888,54.99,30.0,23.077,2024-10-01,
CUST09,L03,SVC_STD,500,3000.0,0.6304,54.99,30.0,23.077,2024-10-01,
CUST09,L03,SVC_STD,3000,,0.5866,54.99,30.0,23.077,2024-10-01,
CUST09,L03,SVC_ECO,0,25.0,0.7473,54.99,30.0,23.077,2024-10-01,
CUST09,L03,SVC_ECO,25,100.0,0.6947,54.99,30.0,23.077,2024-10-01,
CUST09,L03,SVC_ECO,100,500.0,0.6421,54.99,30.0,23.077,2024-10-01,
CUST09,L03,SVC_ECO,500,3000.0,0.5953,54.99,30.0,23.077,2024-10-01,
CUST09,L03,SVC_ECO,3000,,0.5602,54.99,30.0,23.077,2024-10-01,
CUST09,L04,SVC_STD,0,25.0,2.1445,89.96,30.0,23.077,2024-10-01,
CUST09,L04,SVC_STD,25,100.0,1.8403,89.96,30.0,23.077,2024-10-01,
CUST09,L04,SVC_STD,100,500.0,1.5363,89.96,30.0,23.077,2024-10-01,
CUST09,L04,SVC_STD,500,3000.0,1.2659,89.96,30.0,23.077,2024-10-01,
CUST09,L04,SVC_STD,3000,,1.0632,89.96,30.0,23.077,2024-10-01,
CUST09,L04,SVC_ECO,0,25.0,1.8065,89.96,30.0,23.077,2024-10-01,
CUST09,L04,SVC_ECO,25,100.0,1.5633,89.96,30.0,23.077,2024-10-01,
CUST09,L04,SVC_ECO,100,500.0,1.32,89.96,30.0,23.077,2024-10-01,
CUST09,L04,SVC_ECO,500,3000.0,1.1038,89.96,30.0,23.077,2024-10-01,
CUST09,L04,SVC_ECO,3000,,0.9416,89.96,30.0,23.077,2024-10-01,
CUST09,L05,SVC_EXP,0,25.0,1.1681,57.46,30.0,23.077,2024-10-01,
CUST09,L05,SVC_EXP,25,100.0,1.0397,57.46,30.0,23.077,2024-10-01,
CUST09,L05,SVC_EXP,100,500.0,0.9114,57.46,30.0,23.077,2024-10-01,
CUST09,L05,SVC_EXP,500,3000.0,0.7973,57.46,30.0,23.077,2024-10-01,
CUST09,L05,SVC_EXP,3000,,0.7117,57.46,30.0,23.077,2024-10-01,
CUST09,L05,SVC_STD,0,25.0,0.9832,57.46,30.0,23.077,2024-10-01,
CUST09,L05,SVC_STD,25,100.0,0.8881,57.46,30.0,23.077,2024-10-01,
CUST09,L05,SVC_STD,100,500.0,0.7931,57.46,30.0,23.077,2024-10-01,
CUST09,L05,SVC_STD,500,3000.0,0.7085,57.46,30.0,23.077,2024-10-01,
CUST09,L05,SVC_STD,3000,,0.6451,57.46,30.0,23.077,2024-10-01,
CUST09,L05,SVC_ECO,0,25.0,0.8776,57.46,30.0,23.077,2024-10-01,
CUST09,L05,SVC_ECO,25,100.0,0.8015,57.46,30.0,23.077,2024-10-01,
CUST09,L05,SVC_ECO,100,500.0,0.7254,57.46,30.0,23.077,2024-10-01,
CUST09,L05,SVC_ECO,500,3000.0,0.6578,57.46,30.0,23.077,2024-10-01,
CUST09,L05,SVC_ECO,3000,,0.6071,57.46,30.0,23.077,2024-10-01,
CUST09,L06,SVC_EXP,0,25.0,0.5083,46.48,30.0,23.077,2024-10-01,
CUST09,L06,SVC_EXP,25,100.0,0.4987,46.48,30.0,23.077,2024-10-01,
CUST09,L06,SVC_EXP,100,500.0,0.4891,46.48,30.0,23.077,2024-10-01,
CUST09,L06,SVC_EXP,500,3000.0,0.4806,46.48,30.0,23.077,2024-10-01,
CUST09,L06,SVC_EXP,3000,,0.4742,46.48,30.0,23.077,2024-10-01,
CUST09,L06,SVC_STD,0,25.0,0.4945,46.48,30.0,23.077,2024-10-01,
CUST09,L06,SVC_STD,25,100.0,0.4874,46.48,30.0,23.077,2024-10-01,
CUST09,L06,SVC_STD,100,500.0,0.4803,46.48,30.0,23.077,2024-10-01,
CUST09,L06,SVC_STD,500,3000.0,0.4739,46.48,30.0,23.077,2024-10-01,
CUST09,L06,SVC_STD,3000,,0.4692,46.48,30.0,23.077,2024-10-01,
CUST09,L07,SVC_EXP,0,25.0,0.4822,45.96,30.0,23.077,2024-10-01,
CUST09,L07,SVC_EXP,25,100.0,0.4774,45.96,30.0,23.077,2024-10-01,
CUST09,L07,SVC_EXP,100,500.0,0.4724,45.96,30.0,23.077,2024-10-01,
CUST09,L07,SVC_EXP,500,3000.0,0.4681,45.96,30.0,23.077,2024-10-01,
CUST09,L07,SVC_EXP,3000,,0.4648,45.96,30.0,23.077,2024-10-01,
CUST09,L07,SVC_STD,0,25.0,0.4752,45.96,30.0,23.077,2024-10-01,
CUST09,L07,SVC_STD,25,100.0,0.4716,45.96,30.0,23.077,2024-10-01,
CUST09,L07,SVC_STD,100,500.0,0.4679,45.96,30.0,23.077,2024-10-01,
CUST09,L07,SVC_STD,500,3000.0,0.4647,45.96,30.0,23.077,2024-10-01,
CUST09,L07,SVC_STD,3000,,0.4622,45.96,30.0,23.077,2024-10-01,
CUST09,L08,SVC_STD,0,25.0,0.7607,52.65,30.0,23.077,2024-10-01,
CUST09,L08,SVC_STD,25,100.0,0.7056,52.65,30.0,23.077,2024-10-01,
CUST09,L08,SVC_STD,100,500.0,0.6506,52.65,30.0,23.077,2024-10-01,
CUST09,L08,SVC_STD,500,3000.0,0.6017,52.65,30.0,23.077,2024-10-01,
CUST09,L08,SVC_STD,3000,,0.565,52.65,30.0,23.077,2024-10-01,
CUST09,L08,SVC_ECO,0,25.0,0.6995,52.65,30.0,23.077,2024-10-01,
CUST09,L08,SVC_ECO,25,100.0,0.6555,52.65,30.0,23.077,2024-10-01,
CUST09,L08,SVC_ECO,100,500.0,0.6115,52.65,30.0,23.077,2024-10-01,
CUST09,L08,SVC_ECO,500,3000.0,0.5724,52.65,30.0,23.077,2024-10-01,
CUST09,L08,SVC_ECO,3000,,0.5431,52.65,30.0,23.077,2024-10-01,
CUST09,L09,SVC_EXP,0,25.0,0.5668,47.45,30.0,23.077,2024-10-01,
CUST09,L09,SVC_EXP,25,100.0,0.5467,47.45,30.0,23.077,2024-10-01,
CUST09,L09,SVC_EXP,100,500.0,0.5266,47.45,30.0,23.077,2024-10-01,
CUST09,L09,SVC_EXP,500,3000.0,0.5087,47.45,30.0,23.077,2024-10-01,
CUST09,L09,SVC_EXP,3000,,0.4953,47.45,30.0,23.077,2024-10-01,
CUST09,L09,SVC_STD,0,25.0,0.5379,47.45,30.0,23.077,2024-10-01,
CUST09,L09,SVC_STD,25,100.0,0.523,47.45,30.0,23.077,2024-10-01,
CUST09,L09,SVC_STD,100,500.0,0.508,47.45,30.0,23.077,2024-10-01,
CUST09,L09,SVC_STD,500,3000.0,0.4947,47.45,30.0,23.077,2024-10-01,
CUST09,L09,SVC_STD,3000,,0.4848,47.45,30.0,23.077,2024-10-01,
CUST09,L09,SVC_ECO,0,25.0,0.5213,47.45,30.0,23.077,2024-10-01,
CUST09,L09,SVC_ECO,25,100.0,0.5094,47.45,30.0,23.077,2024-10-01,
CUST09,L09,SVC_ECO,100,500.0,0.4974,47.45,30.0,23.077,2024-10-01,
CUST09,L09,SVC_ECO,500,3000.0,0.4869,47.45,30.0,23.077,2024-10-01,
CUST09,L09,SVC_ECO,3000,,0.4789,47.45,30.0,23.077,2024-10-01,
CUST09,L10,SVC_STD,0,25.0,0.6346,49.73,30.0,23.077,2024-10-01,
CUST09,L10,SVC_STD,25,100.0,0.6022,49.73,30.0,23.077,2024-10-01,
CUST09,L10,SVC_STD,100,500.0,0.57,49.73,30.0,23.077,2024-10-01,
CUST09,L10,SVC_STD,500,3000.0,0.5412,49.73,30.0,23.077,2024-10-01,
CUST09,L10,SVC_STD,3000,,0.5196,49.73,30.0,23.077,2024-10-01,
CUST09,L10,SVC_ECO,0,25.0,0.5987,49.73,30.0,23.077,2024-10-01,
CUST09,L10,SVC_ECO,25,100.0,0.5728,49.73,30.0,23.077,2024-10-01,
CUST09,L10,SVC_ECO,100,500.0,0.5469,49.73,30.0,23.077,2024-10-01,
CUST09,L10,SVC_ECO,500,3000.0,0.5239,49.73,30.0,23.077,2024-10-01,
CUST09,L10,SVC_ECO,3000,,0.5067,49.73,30.0,23.077,2024-10-01,
CUST09,L11,SVC_ECO,0,25.0,2.015,94.25,30.0,23.077,2024-10-01,
CUST09,L11,SVC_ECO,25,100.0,1.7342,94.25,30.0,23.077,2024-10-01,
CUST09,L11,SVC_ECO,100,500.0,1.4534,94.25,30.0,23.077,2024-10-01,
CUST09,L11,SVC_ECO,500,3000.0,1.2038,94.25,30.0,23.077,2024-10-01,
CUST09,L11,SVC_ECO,3000,,1.0166,94.25,30.0,23.077,2024-10-01,
CUST09,L12,SVC_STD,0,25.0,2.4952,99.19,30.0,23.077,2024-10-01,
CUST09,L12,SVC_STD,25,100.0,2.128,99.19,30.0,23.077,2024-10-01,
CUST09,L12,SVC_STD,100,500.0,1.7607,99.19,30.0,23.077,2024-10-01,
CUST09,L12,SVC_STD,500,3000.0,1.4343,99.19,30.0,23.077,2024-10-01,
CUST09,L12,SVC_STD,3000,,1.1895,99.19,30.0,23.077,2024-10-01,
CUST09,L12,SVC_ECO,0,25.0,2.0872,99.19,30.0,23.077,2024-10-01,
CUST09,L12,SVC_ECO,25,100.0,1.7934,99.19,30.0,23.077,2024-10-01,
CUST09,L12,SVC_ECO,100,500.0,1.4996,99.19,30.0,23.077,2024-10-01,
CUST09,L12,SVC_ECO,500,3000.0,1.2384,99.19,30.0,23.077,2024-10-01,
CUST09,L12,SVC_ECO,3000,,1.0426,99.19,30.0,23.077,2024-10-01,
CUST10,L01,SVC_EXP,0,25.0,0.9712,50.37,15.0,13.043,2024-10-01,
CUST10,L01,SVC_EXP,25,100.0,0.8688,50.37,15.0,13.043,2024-10-01,
CUST10,L01,SVC_EXP,100,500.0,0.7664,50.37,15.0,13.043,2024-10-01,
CUST10,L01,SVC_EXP,500,3000.0,0.6755,50.37,15.0,13.043,2024-10-01,
CUST10,L01,SVC_EXP,3000,,0.6072,50.37,15.0,13.043,2024-10-01,
CUST10,L01,SVC_STD,0,25.0,0.8237,50.37,15.0,13.043,2024-10-01,
CUST10,L01,SVC_STD,25,100.0,0.7479,50.37,15.0,13.043,2024-10-01,
CUST10,L01,SVC_STD,100,500.0,0.6721,50.37,15.0,13.043,2024-10-01,
CUST10,L01,SVC_STD,500,3000.0,0.6047,50.37,15.0,13.043,2024-10-01,
CUST10,L01,SVC_STD,3000,,0.5542,50.37,15.0,13.043,2024-10-01,
CUST10,L01,SVC_ECO,0,25.0,0.7395,50.37,15.0,13.043,2024-10-01,
CUST10,L01,SVC_ECO,25,100.0,0.6788,50.37,15.0,13.043,2024-10-01,
CUST10,L01,SVC_ECO,100,500.0,0.6182,50.37,15.0,13.043,2024-10-01,
CUST10,L01,SVC_ECO,500,3000.0,0.5642,50.37,15.0,13.043,2024-10-01,
CUST10,L01,SVC_ECO,3000,,0.5238,50.37,15.0,13.043,2024-10-01,
CUST10,L02,SVC_EXP,0,25.0,1.5033,59.51,15.0,13.043,2024-10-01,
CUST10,L02,SVC_EXP,25,100.0,1.3052,59.51,15.0,13.043,2024-10-01,
CUST10,L02,SVC_EXP,100,500.0,1.107,59.51,15.0,13.043,2024-10-01,
CUST10,L02,SVC_EXP,500,3000.0,0.9309,59.51,15.0,13.043,2024-10-01,
CUST10,L02,SVC_EXP,3000,,0.7988,59.51,15.0,13.043,2024-10-01,
CUST10,L02,SVC_STD,0,25.0,1.218,59.51,15.0,13.043,2024-10-01,
CUST10,L02,SVC_STD,25,100.0,1.0712,59.51,15.0,13.043,2024-10-01,
CUST10,L02,SVC_STD,100,500.0,0.9244,59.51,15.0,13.043,2024-10-01,
CUST10,L02,SVC_STD,500,3000.0,0.7939,59.51,15.0,13.043,2024-10-01,
CUST10,L02,SVC_STD,3000,,0.6961,59.51,15.0,13.043,2024-10-01,
CUST10,L02,SVC_ECO,0,25.0,1.0549,59.51,15.0,13.043,2024-10-01,
CUST10,L02,SVC_ECO,25,100.0,0.9374,59.51,15.0,13.043,2024-10-01,
CUST10,L02,SVC_ECO,100,500.0,0.82,59.51,15.0,13.043,2024-10-01,
CUST10,L02,SVC_ECO,500,3000.0,0.7156,59.51,15.0,13.043,2024-10-01,
CUST10,L02,SVC_ECO,3000,,0.6373,59.51,15.0,13.043,2024-10-01,
CUST10,L03,SVC_EXP,0,25.0,0.8388,48.64,15.0,13.043,2024-10-01,
CUST10,L03,SVC_EXP,25,100.0,0.7603,48.64,15.0,13.043,2024-10-01,
CUST10,L03,SVC_EXP,100,500.0,0.6817,48.64,15.0,13.043,2024-10-01,
CUST10,L03,SVC_EXP,500,3000.0,0.612,48.64,15.0,13.043,2024-10-01,
CUST10,L03,SVC_EXP,3000,,0.5596,48.64,15.0,13.043,2024-10-01,
CUST10,L03,SVC_STD,0,25.0,0.7257,48.64,15.0,13.043,2024-10-01,
CUST10,L03,SVC_STD,25,100.0,0.6675,48.64,15.0,13.043,2024-10-01,
CUST10,L03,SVC_STD,100,500.0,0.6093,48.64,15.0,13.043,2024-10-01,
CUST10,L03,SVC_STD,500,3000.0,0.5576,48.64,15.0,13.043,2024-10-01,
CUST10,L03,SVC_STD,3000,,0.5189,48.64,15.0,13.043,2024-10-01,
CUST10,L03,SVC_ECO,0,25.0,0.6611,48.64,15.0,13.043,2024-10-01,
CUST10,L03,SVC_ECO,25,100.0,0.6145,48.64,15.0,13.043,2024-10-01,
CUST10,L03,SVC_ECO,100,500.0,0.568,48.64,15.0,13.043,2024-10-01,
CUST10,L03,SVC_ECO,500,3000.0,0.5266,48.64,15.0,13.043,2024-10-01,
CUST10,L03,SVC_ECO,3000,,0.4956,48.64,15.0,13.043,2024-10-01,
CUST10,L04,SVC_STD,0,25.0,1.897,79.58,15.0,13.043,2024-10-01,
CUST10,L04,SVC_STD,25,100.0,1.628,79.58,15.0,13.043,2024-10-01,
CUST10,L04,SVC_STD,100,500.0,1.359,79.58,15.0,13.043,2024-10-01,
CUST10,L04,SVC_STD,500,3000.0,1.1199,79.58,15.0,13.043,2024-10-01,
CUST10,L04,SVC_STD,3000,,0.9405,79.58,15.0,13.043,2024-10-01,
CUST10,L04,SVC_ECO,0,25.0,1.5981,79.58,15.0,13.043,2024-10-01,
CUST10,L04,SVC_ECO,25,100.0,1.3829,79.58,15.0,13.043,2024-10-01,
CUST10,L04,SVC_ECO,100,500.0,1.1677,79.58,15.0,13.043,2024-10-01,
CUST10,L04,SVC_ECO,500,3000.0,0.9764,79.58,15.0,13.043,2024-10-01,
CUST10,L04,SVC_ECO,3000,,0.8329,79.58,15.0,13.043,2024-10-01,
CUST10,L05,SVC_EXP,0,25.0,1.0333,50.83,15.0,13.043,2024-10-01,
CUST10,L05,SVC_EXP,25,100.0,0.9198,50.83,15.0,13.043,2024-10-01,
CUST10,L05,SVC_EXP,100,500.0,0.8062,50.83,15.0,13.043,2024-10-01,
CUST10,L05,SVC_EXP,500,3000.0,0.7053,50.83,15.0,13.043,2024-10-01,
CUST10,L05,SVC_EXP,3000,,0.6296,50.83,15.0,13.043,2024-10-01,
CUST10,L05,SVC_STD,0,25.0,0.8698,50.83,15.0,13.043,2024-10-01,
CUST10,L05,SVC_STD,25,100.0,0.7856,50.83,15.0,13.043,2024-10-01,
CUST10,L05,SVC_STD,100,500.0,0.7016,50.83,15.0,13.043,2024-10-01,
CUST10,L05,SVC_STD,500,3000.0,0.6268,50.83,15.0,13.043,2024-10-01,
CUST10,L05,SVC_STD,3000,,0.5707,50.83,15.0,13.043,2024-10-01,
CUST10,L05,SVC_ECO,0,25.0,0.7763,50.83,15.0,13.043,2024-10-01,
CUST10,L05,SVC_ECO,25,100.0,0.7091,50.83,15.0,13.043,2024-10-01,
CUST10,L05,SVC_ECO,100,500.0,0.6417,50.83,15.0,13.043,2024-10-01,
CUST10,L05,SVC_ECO,500,3000.0,0.5819,50.83,15.0,13.043,2024-10-01,
CUST10,L05,SVC_ECO,3000,,0.5371,50.83,15.0,13.043,2024-10-01,
CUST10,L06,SVC_EXP,0,25.0,0.4496,41.11,15.0,13.043,2024-10-01,
CUST10,L06,SVC_EXP,25,100.0,0.4412,41.11,15.0,13.043,2024-10-01,
CUST10,L06,SVC_EXP,100,500.0,0.4327,41.11,15.0,13.043,2024-10-01,
CUST10,L06,SVC_EXP,500,3000.0,0.4251,41.11,15.0,13.043,2024-10-01,
CUST10,L06,SVC_EXP,3000,,0.4195,41.11,15.0,13.043,2024-10-01,
CUST10,L06,SVC_STD,0,25.0,0.4374,41.11,15.0,13.043,2024-10-01,
CUST10,L06,SVC_STD,25,100.0,0.4311,41.11,15.0,13.043,2024-10-01,
CUST10,L06,SVC_STD,100,500.0,0.4249,41.11,15.0,13.043,2024-10-01,
CUST10,L06,SVC_STD,500,3000.0,0.4193,41.11,15.0,13.043,2024-10-01,
CUST10,L06,SVC_STD,3000,,0.4151,41.11,15.0,13.043,2024-10-01,
CUST10,L07,SVC_EXP,0,25.0,0.4266,40.65,15.0,13.043,2024-10-01,
CUST10,L07,SVC_EXP,25,100.0,0.4223,40.65,15.0,13.043,2024-10-01,
CUST10,L07,SVC_EXP,100,500.0,0.4179,40.65,15.0,13.043,2024-10-01,
CUST10,L07,SVC_EXP,500,3000.0,0.4141,40.65,15.0,13.043,2024-10-01,
CUST10,L07,SVC_EXP,3000,,0.4112,40.65,15.0,13.043,2024-10-01,
CUST10,L07,SVC_STD,0,25.0,0.4203,40.65,15.0,13.043,2024-10-01,
CUST10,L07,SVC_STD,25,100.0,0.4171,40.65,15.0,13.043,2024-10-01,
CUST10,L07,SVC_STD,100,500.0,0.4139,40.65,15.0,13.043,2024-10-01,
CUST10,L07,SVC_STD,500,3000.0,0.4111,40.65,15.0,13.043,2024-10-01,
CUST10,L07,SVC_STD,3000,,0.4089,40.65,15.0,13.043,2024-10-01,
CUST10,L08,SVC_STD,0,25.0,0.6729,46.57,15.0,13.043,2024-10-01,
CUST10,L08,SVC_STD,25,100.0,0.6242,46.57,15.0,13.043,2024-10-01,
CUST10,L08,SVC_STD,100,500.0,0.5755,46.57,15.0,13.043,2024-10-01,
CUST10,L08,SVC_STD,500,3000.0,0.5323,46.57,15.0,13.043,2024-10-01,
CUST10,L08,SVC_STD,3000,,0.4998,46.57,15.0,13.043,2024-10-01,
CUST10,L08,SVC_ECO,0,25.0,0.6188,46.57,15.0,13.043,2024-10-01,
CUST10,L08,SVC_ECO,25,100.0,0.5799,46.57,15.0,13.043,2024-10-01,
CUST10,L08,SVC_ECO,100,500.0,0.5409,46.57,15.0,13.043,2024-10-01,
CUST10,L08,SVC_ECO,500,3000.0,0.5063,46.57,15.0,13.043,2024-10-01,
CUST10,L08,SVC_ECO,3000,,0.4804,46.57,15.0,13.043,2024-10-01,
CUST10,L09,SVC_EXP,0,25.0,0.5014,41.97,15.0,13.043,2024-10-01,
CUST10,L09,SVC_EXP,25,100.0,0.4837,41.97,15.0,13.043,2024-10-01,
CUST10,L09,SVC_EXP,100,500.0,0.4658,41.97,15.0,13.043,2024-10-01,
CUST10,L09,SVC_EXP,500,3000.0,0.45,41.97,15.0,13.043,2024-10-01,
CUST10,L09,SVC_EXP,3000,,0.4381,41.97,15.0,13.043,2024-10-01,
CUST10,L09,SVC_STD,0,25.0,0.4758,41.97,15.0,13.043,2024-10-01,
CUST10,L09,SVC_STD,25,100.0,0.4626,41.97,15.0,13.043,2024-10-01,
CUST10,L09,SVC_STD,100,500.0,0.4494,41.97,15.0,13.043,2024-10-01,
CUST10,L09,SVC_STD,500,3000.0,0.4377,41.97,15.0,13.043,2024-10-01,
CUST10,L09,SVC_STD,3000,,0.4289,41.97,15.0,13.043,2024-10-01,
CUST10,L09,SVC_ECO,0,25.0,0.4611,41.97,15.0,13.043,2024-10-01,
CUST10,L09,SVC_ECO,25,100.0,0.4506,41.97,15.0,13.043,2024-10-01,
CUST10,L09,SVC_ECO,100,500.0,0.44,41.97,15.0,13.043,2024-10-01,
CUST10,L09,SVC_ECO,500,3000.0,0.4307,41.97,15.0,13.043,2024-10-01,
CUST10,L09,SVC_ECO,3000,,0.4236,41.97,15.0,13.043,2024-10-01,
CUST10,L10,SVC_STD,0,25.0,0.5614,43.99,15.0,13.043,2024-10-01,
CUST10,L10,SVC_STD,25,100.0,0.5328,43.99,15.0,13.043,2024-10-01,
CUST10,L10,SVC_STD,100,500.0,0.5042,43.99,15.0,13.043,2024-10-01,
CUST10,L10,SVC_STD,500,3000.0,0.4787,43.99,15.0,13.043,2024-10-01,
CUST10,L10,SVC_STD,3000,,0.4597,43.99,15.0,13.043,2024-10-01,
CUST10,L10,SVC_ECO,0,25.0,0.5296,43.99,15.0,13.043,2024-10-01,
CUST10,L10,SVC_ECO,25,100.0,0.5067,43.99,15.0,13.043,2024-10-01,
CUST10,L10,SVC_ECO,100,500.0,0.4838,43.99,15.0,13.043,2024-10-01,
CUST10,L10,SVC_ECO,500,3000.0,0.4635,43.99,15.0,13.043,2024-10-01,
CUST10,L10,SVC_ECO,3000,,0.4483,43.99,15.0,13.043,2024-10-01,
CUST10,L11,SVC_ECO,0,25.0,1.7825,83.38,15.0,13.043,2024-10-01,
CUST10,L11,SVC_ECO,25,100.0,1.5341,83.38,15.0,13.043,2024-10-01,
CUST10,L11,SVC_ECO,100,500.0,1.2857,83.38,15.0,13.043,2024-10-01,
CUST10,L11,SVC_ECO,500,3000.0,1.0649,83.38,15.0,13.043,2024-10-01,
CUST10,L11,SVC_ECO,3000,,0.8993,83.38,15.0,13.043,2024-10-01,
CUST10,L12,SVC_STD,0,25.0,2.2073,87.74,15.0,13.043,2024-10-01,
CUST10,L12,SVC_STD,25,100.0,1.8824,87.74,15.0,13.043,2024-10-01,
CUST10,L12,SVC_STD,100,500.0,1.5576,87.74,15.0,13.043,2024-10-01,
CUST10,L12,SVC_STD,500,3000.0,1.2688,87.74,15.0,13.043,2024-10-01,
CUST10,L12,SVC_STD,3000,,1.0522,87.74,15.0,13.043,2024-10-01,
CUST10,L12,SVC_ECO,0,25.0,1.8464,87.74,15.0,13.043,2024-10-01,
CUST10,L12,SVC_ECO,25,100.0,1.5865,87.74,15.0,13.043,2024-10-01,
CUST10,L12,SVC_ECO,100,500.0,1.3266,87.74,15.0,13.043,2024-10-01,
CUST10,L12,SVC_ECO,500,3000.0,1.0955,87.74,15.0,13.043,2024-10-01,
CUST10,L12,SVC_ECO,3000,,0.9223,87.74,15.0,13.043,2024-10-01,
CUST11,L01,SVC_EXP,0,25.0,0.9712,50.37,15.0,13.043,2024-10-01,
CUST11,L01,SVC_EXP,25,100.0,0.8688,50.37,15.0,13.043,2024-10-01,
CUST11,L01,SVC_EXP,100,500.0,0.7664,50.37,15.0,13.043,2024-10-01,
CUST11,L01,SVC_EXP,500,3000.0,0.6755,50.37,15.0,13.043,2024-10-01,
CUST11,L01,SVC_EXP,3000,,0.6072,50.37,15.0,13.043,2024-10-01,
CUST11,L01,SVC_STD,0,25.0,0.8237,50.37,15.0,13.043,2024-10-01,
CUST11,L01,SVC_STD,25,100.0,0.7479,50.37,15.0,13.043,2024-10-01,
CUST11,L01,SVC_STD,100,500.0,0.6721,50.37,15.0,13.043,2024-10-01,
CUST11,L01,SVC_STD,500,3000.0,0.6047,50.37,15.0,13.043,2024-10-01,
CUST11,L01,SVC_STD,3000,,0.5542,50.37,15.0,13.043,2024-10-01,
CUST11,L01,SVC_ECO,0,25.0,0.7395,50.37,15.0,13.043,2024-10-01,
CUST11,L01,SVC_ECO,25,100.0,0.6788,50.37,15.0,13.043,2024-10-01,
CUST11,L01,SVC_ECO,100,500.0,0.6182,50.37,15.0,13.043,2024-10-01,
CUST11,L01,SVC_ECO,500,3000.0,0.5642,50.37,15.0,13.043,2024-10-01,
CUST11,L01,SVC_ECO,3000,,0.5238,50.37,15.0,13.043,2024-10-01,
CUST11,L02,SVC_EXP,0,25.0,1.5033,59.51,15.0,13.043,2024-10-01,
CUST11,L02,SVC_EXP,25,100.0,1.3052,59.51,15.0,13.043,2024-10-01,
CUST11,L02,SVC_EXP,100,500.0,1.107,59.51,15.0,13.043,2024-10-01,
CUST11,L02,SVC_EXP,500,3000.0,0.9309,59.51,15.0,13.043,2024-10-01,
CUST11,L02,SVC_EXP,3000,,0.7988,59.51,15.0,13.043,2024-10-01,
CUST11,L02,SVC_STD,0,25.0,1.218,59.51,15.0,13.043,2024-10-01,
CUST11,L02,SVC_STD,25,100.0,1.0712,59.51,15.0,13.043,2024-10-01,
CUST11,L02,SVC_STD,100,500.0,0.9244,59.51,15.0,13.043,2024-10-01,
CUST11,L02,SVC_STD,500,3000.0,0.7939,59.51,15.0,13.043,2024-10-01,
CUST11,L02,SVC_STD,3000,,0.6961,59.51,15.0,13.043,2024-10-01,
CUST11,L02,SVC_ECO,0,25.0,1.0549,59.51,15.0,13.043,2024-10-01,
CUST11,L02,SVC_ECO,25,100.0,0.9374,59.51,15.0,13.043,2024-10-01,
CUST11,L02,SVC_ECO,100,500.0,0.82,59.51,15.0,13.043,2024-10-01,
CUST11,L02,SVC_ECO,500,3000.0,0.7156,59.51,15.0,13.043,2024-10-01,
CUST11,L02,SVC_ECO,3000,,0.6373,59.51,15.0,13.043,2024-10-01,
CUST11,L03,SVC_EXP,0,25.0,0.8388,48.64,15.0,13.043,2024-10-01,
CUST11,L03,SVC_EXP,25,100.0,0.7603,48.64,15.0,13.043,2024-10-01,
CUST11,L03,SVC_EXP,100,500.0,0.6817,48.64,15.0,13.043,2024-10-01,
CUST11,L03,SVC_EXP,500,3000.0,0.612,48.64,15.0,13.043,2024-10-01,
CUST11,L03,SVC_EXP,3000,,0.5596,48.64,15.0,13.043,2024-10-01,
CUST11,L03,SVC_STD,0,25.0,0.7257,48.64,15.0,13.043,2024-10-01,
CUST11,L03,SVC_STD,25,100.0,0.6675,48.64,15.0,13.043,2024-10-01,
CUST11,L03,SVC_STD,100,500.0,0.6093,48.64,15.0,13.043,2024-10-01,
CUST11,L03,SVC_STD,500,3000.0,0.5576,48.64,15.0,13.043,2024-10-01,
CUST11,L03,SVC_STD,3000,,0.5189,48.64,15.0,13.043,2024-10-01,
CUST11,L03,SVC_ECO,0,25.0,0.6611,48.64,15.0,13.043,2024-10-01,
CUST11,L03,SVC_ECO,25,100.0,0.6145,48.64,15.0,13.043,2024-10-01,
CUST11,L03,SVC_ECO,100,500.0,0.568,48.64,15.0,13.043,2024-10-01,
CUST11,L03,SVC_ECO,500,3000.0,0.5266,48.64,15.0,13.043,2024-10-01,
CUST11,L03,SVC_ECO,3000,,0.4956,48.64,15.0,13.043,2024-10-01,
CUST11,L04,SVC_STD,0,25.0,1.897,79.58,15.0,13.043,2024-10-01,
CUST11,L04,SVC_STD,25,100.0,1.628,79.58,15.0,13.043,2024-10-01,
CUST11,L04,SVC_STD,100,500.0,1.359,79.58,15.0,13.043,2024-10-01,
CUST11,L04,SVC_STD,500,3000.0,1.1199,79.58,15.0,13.043,2024-10-01,
CUST11,L04,SVC_STD,3000,,0.9405,79.58,15.0,13.043,2024-10-01,
CUST11,L04,SVC_ECO,0,25.0,1.5981,79.58,15.0,13.043,2024-10-01,
CUST11,L04,SVC_ECO,25,100.0,1.3829,79.58,15.0,13.043,2024-10-01,
CUST11,L04,SVC_ECO,100,500.0,1.1677,79.58,15.0,13.043,2024-10-01,
CUST11,L04,SVC_ECO,500,3000.0,0.9764,79.58,15.0,13.043,2024-10-01,
CUST11,L04,SVC_ECO,3000,,0.8329,79.58,15.0,13.043,2024-10-01,
CUST11,L05,SVC_EXP,0,25.0,1.0333,50.83,15.0,13.043,2024-10-01,
CUST11,L05,SVC_EXP,25,100.0,0.9198,50.83,15.0,13.043,2024-10-01,
CUST11,L05,SVC_EXP,100,500.0,0.8062,50.83,15.0,13.043,2024-10-01,
CUST11,L05,SVC_EXP,500,3000.0,0.7053,50.83,15.0,13.043,2024-10-01,
CUST11,L05,SVC_EXP,3000,,0.6296,50.83,15.0,13.043,2024-10-01,
CUST11,L05,SVC_STD,0,25.0,0.8698,50.83,15.0,13.043,2024-10-01,
CUST11,L05,SVC_STD,25,100.0,0.7856,50.83,15.0,13.043,2024-10-01,
CUST11,L05,SVC_STD,100,500.0,0.7016,50.83,15.0,13.043,2024-10-01,
CUST11,L05,SVC_STD,500,3000.0,0.6268,50.83,15.0,13.043,2024-10-01,
CUST11,L05,SVC_STD,3000,,0.5707,50.83,15.0,13.043,2024-10-01,
CUST11,L05,SVC_ECO,0,25.0,0.7763,50.83,15.0,13.043,2024-10-01,
CUST11,L05,SVC_ECO,25,100.0,0.7091,50.83,15.0,13.043,2024-10-01,
CUST11,L05,SVC_ECO,100,500.0,0.6417,50.83,15.0,13.043,2024-10-01,
CUST11,L05,SVC_ECO,500,3000.0,0.5819,50.83,15.0,13.043,2024-10-01,
CUST11,L05,SVC_ECO,3000,,0.5371,50.83,15.0,13.043,2024-10-01,
CUST11,L06,SVC_EXP,0,25.0,0.4496,41.11,15.0,13.043,2024-10-01,
CUST11,L06,SVC_EXP,25,100.0,0.4412,41.11,15.0,13.043,2024-10-01,
CUST11,L06,SVC_EXP,100,500.0,0.4327,41.11,15.0,13.043,2024-10-01,
CUST11,L06,SVC_EXP,500,3000.0,0.4251,41.11,15.0,13.043,2024-10-01,
CUST11,L06,SVC_EXP,3000,,0.4195,41.11,15.0,13.043,2024-10-01,
CUST11,L06,SVC_STD,0,25.0,0.4374,41.11,15.0,13.043,2024-10-01,
CUST11,L06,SVC_STD,25,100.0,0.4311,41.11,15.0,13.043,2024-10-01,
CUST11,L06,SVC_STD,100,500.0,0.4249,41.11,15.0,13.043,2024-10-01,
CUST11,L06,SVC_STD,500,3000.0,0.4193,41.11,15.0,13.043,2024-10-01,
CUST11,L06,SVC_STD,3000,,0.4151,41.11,15.0,13.043,2024-10-01,
CUST11,L07,SVC_EXP,0,25.0,0.4266,40.65,15.0,13.043,2024-10-01,
CUST11,L07,SVC_EXP,25,100.0,0.4223,40.65,15.0,13.043,2024-10-01,
CUST11,L07,SVC_EXP,100,500.0,0.4179,40.65,15.0,13.043,2024-10-01,
CUST11,L07,SVC_EXP,500,3000.0,0.4141,40.65,15.0,13.043,2024-10-01,
CUST11,L07,SVC_EXP,3000,,0.4112,40.65,15.0,13.043,2024-10-01,
CUST11,L07,SVC_STD,0,25.0,0.4203,40.65,15.0,13.043,2024-10-01,
CUST11,L07,SVC_STD,25,100.0,0.4171,40.65,15.0,13.043,2024-10-01,
CUST11,L07,SVC_STD,100,500.0,0.4139,40.65,15.0,13.043,2024-10-01,
CUST11,L07,SVC_STD,500,3000.0,0.4111,40.65,15.0,13.043,2024-10-01,
CUST11,L07,SVC_STD,3000,,0.4089,40.65,15.0,13.043,2024-10-01,
CUST11,L08,SVC_STD,0,25.0,0.6729,46.57,15.0,13.043,2024-10-01,
CUST11,L08,SVC_STD,25,100.0,0.6242,46.57,15.0,13.043,2024-10-01,
CUST11,L08,SVC_STD,100,500.0,0.5755,46.57,15.0,13.043,2024-10-01,
CUST11,L08,SVC_STD,500,3000.0,0.5323,46.57,15.0,13.043,2024-10-01,
CUST11,L08,SVC_STD,3000,,0.4998,46.57,15.0,13.043,2024-10-01,
CUST11,L08,SVC_ECO,0,25.0,0.6188,46.57,15.0,13.043,2024-10-01,
CUST11,L08,SVC_ECO,25,100.0,0.5799,46.57,15.0,13.043,2024-10-01,
CUST11,L08,SVC_ECO,100,500.0,0.5409,46.57,15.0,13.043,2024-10-01,
CUST11,L08,SVC_ECO,500,3000.0,0.5063,46.57,15.0,13.043,2024-10-01,
CUST11,L08,SVC_ECO,3000,,0.4804,46.57,15.0,13.043,2024-10-01,
CUST11,L09,SVC_EXP,0,25.0,0.5014,41.97,15.0,13.043,2024-10-01,
CUST11,L09,SVC_EXP,25,100.0,0.4837,41.97,15.0,13.043,2024-10-01,
CUST11,L09,SVC_EXP,100,500.0,0.4658,41.97,15.0,13.043,2024-10-01,
CUST11,L09,SVC_EXP,500,3000.0,0.45,41.97,15.0,13.043,2024-10-01,
CUST11,L09,SVC_EXP,3000,,0.4381,41.97,15.0,13.043,2024-10-01,
CUST11,L09,SVC_STD,0,25.0,0.4758,41.97,15.0,13.043,2024-10-01,
CUST11,L09,SVC_STD,25,100.0,0.4626,41.97,15.0,13.043,2024-10-01,
CUST11,L09,SVC_STD,100,500.0,0.4494,41.97,15.0,13.043,2024-10-01,
CUST11,L09,SVC_STD,500,3000.0,0.4377,41.97,15.0,13.043,2024-10-01,
CUST11,L09,SVC_STD,3000,,0.4289,41.97,15.0,13.043,2024-10-01,
CUST11,L09,SVC_ECO,0,25.0,0.4611,41.97,15.0,13.043,2024-10-01,
CUST11,L09,SVC_ECO,25,100.0,0.4506,41.97,15.0,13.043,2024-10-01,
CUST11,L09,SVC_ECO,100,500.0,0.44,41.97,15.0,13.043,2024-10-01,
CUST11,L09,SVC_ECO,500,3000.0,0.4307,41.97,15.0,13.043,2024-10-01,
CUST11,L09,SVC_ECO,3000,,0.4236,41.97,15.0,13.043,2024-10-01,
CUST11,L10,SVC_STD,0,25.0,0.5614,43.99,15.0,13.043,2024-10-01,
CUST11,L10,SVC_STD,25,100.0,0.5328,43.99,15.0,13.043,2024-10-01,
CUST11,L10,SVC_STD,100,500.0,0.5042,43.99,15.0,13.043,2024-10-01,
CUST11,L10,SVC_STD,500,3000.0,0.4787,43.99,15.0,13.043,2024-10-01,
CUST11,L10,SVC_STD,3000,,0.4597,43.99,15.0,13.043,2024-10-01,
CUST11,L10,SVC_ECO,0,25.0,0.5296,43.99,15.0,13.043,2024-10-01,
CUST11,L10,SVC_ECO,25,100.0,0.5067,43.99,15.0,13.043,2024-10-01,
CUST11,L10,SVC_ECO,100,500.0,0.4838,43.99,15.0,13.043,2024-10-01,
CUST11,L10,SVC_ECO,500,3000.0,0.4635,43.99,15.0,13.043,2024-10-01,
CUST11,L10,SVC_ECO,3000,,0.4483,43.99,15.0,13.043,2024-10-01,
CUST11,L11,SVC_ECO,0,25.0,1.7825,83.38,15.0,13.043,2024-10-01,
CUST11,L11,SVC_ECO,25,100.0,1.5341,83.38,15.0,13.043,2024-10-01,
CUST11,L11,SVC_ECO,100,500.0,1.2857,83.38,15.0,13.043,2024-10-01,
CUST11,L11,SVC_ECO,500,3000.0,1.0649,83.38,15.0,13.043,2024-10-01,
CUST11,L11,SVC_ECO,3000,,0.8993,83.38,15.0,13.043,2024-10-01,
CUST11,L12,SVC_STD,0,25.0,2.2073,87.74,15.0,13.043,2024-10-01,
CUST11,L12,SVC_STD,25,100.0,1.8824,87.74,15.0,13.043,2024-10-01,
CUST11,L12,SVC_STD,100,500.0,1.5576,87.74,15.0,13.043,2024-10-01,
CUST11,L12,SVC_STD,500,3000.0,1.2688,87.74,15.0,13.043,2024-10-01,
CUST11,L12,SVC_STD,3000,,1.0522,87.74,15.0,13.043,2024-10-01,
CUST11,L12,SVC_ECO,0,25.0,1.8464,87.74,15.0,13.043,2024-10-01,
CUST11,L12,SVC_ECO,25,100.0,1.5865,87.74,15.0,13.043,2024-10-01,
CUST11,L12,SVC_ECO,100,500.0,1.3266,87.74,15.0,13.043,2024-10-01,
CUST11,L12,SVC_ECO,500,3000.0,1.0955,87.74,15.0,13.043,2024-10-01,
CUST11,L12,SVC_ECO,3000,,0.9223,87.74,15.0,13.043,2024-10-01,
CUST12,L01,SVC_EXP,0,25.0,1.0979,56.94,30.0,23.077,2024-10-01,
CUST12,L01,SVC_EXP,25,100.0,0.9821,56.94,30.0,23.077,2024-10-01,
CUST12,L01,SVC_EXP,100,500.0,0.8664,56.94,30.0,23.077,2024-10-01,
CUST12,L01,SVC_EXP,500,3000.0,0.7636,56.94,30.0,23.077,2024-10-01,
CUST12,L01,SVC_EXP,3000,,0.6864,56.94,30.0,23.077,2024-10-01,
CUST12,L01,SVC_STD,0,25.0,0.9312,56.94,30.0,23.077,2024-10-01,
CUST12,L01,SVC_STD,25,100.0,0.8455,56.94,30.0,23.077,2024-10-01,
CUST12,L01,SVC_STD,100,500.0,0.7598,56.94,30.0,23.077,2024-10-01,
CUST12,L01,SVC_STD,500,3000.0,0.6835,56.94,30.0,23.077,2024-10-01,
CUST12,L01,SVC_STD,3000,,0.6264,56.94,30.0,23.077,2024-10-01,
CUST12,L01,SVC_ECO,0,25.0,0.836,56.94,30.0,23.077,2024-10-01,
CUST12,L01,SVC_ECO,25,100.0,0.7674,56.94,30.0,23.077,2024-10-01,
CUST12,L01,SVC_ECO,100,500.0,0.6988,56.94,30.0,23.077,2024-10-01,
CUST12,L01,SVC_ECO,500,3000.0,0.6378,56.94,30.0,23.077,2024-10-01,
CUST12,L01,SVC_ECO,3000,,0.5922,56.94,30.0,23.077,2024-10-01,
CUST12,L02,SVC_EXP,0,25.0,1.6994,67.28,30.0,23.077,2024-10-01,
CUST12,L02,SVC_EXP,25,100.0,1.4755,67.28,30.0,23.077,2024-10-01,
CUST12,L02,SVC_EXP,100,500.0,1.2514,67.28,30.0,23.077,2024-10-01,
CUST12,L02,SVC_EXP,500,3000.0,1.0523,67.28,30.0,23.077,2024-10-01,
CUST12,L02,SVC_EXP,3000,,0.903,67.28,30.0,23.077,2024-10-01,
CUST12,L02,SVC_STD,0,25.0,1.3768,67.28,30.0,23.077,2024-10-01,
CUST12,L02,SVC_STD,25,100.0,1.2109,67.28,30.0,23.077,2024-10-01,
CUST12,L02,SVC_STD,100,500.0,1.0449,67.28,30.0,23.077,2024-10-01,
CUST12,L02,SVC_STD,500,3000.0,0.8975,67.28,30.0,23.077,2024-10-01,
CUST12,L02,SVC_STD,3000,,0.7868,67.28,30.0,23.077,2024-10-01,
CUST12,L02,SVC_ECO,0,25.0,1.1924,67.28,30.0,23.077,2024-10-01,
CUST12,L02,SVC_ECO,25,100.0,1.0597,67.28,30.0,23.077,2024-10-01,
CUST12,L02,SVC_ECO,100,500.0,0.927,67.28,30.0,23.077,2024-10-01,
CUST12,L02,SVC_ECO,500,3000.0,0.8089,67.28,30.0,23.077,2024-10-01,
CUST12,L02,SVC_ECO,3000,,0.7205,67.28,30.0,23.077,2024-10-01,
CUST12,L03,SVC_EXP,0,25.0,0.9483,54.99,30.0,23.077,2024-10-01,
CUST12,L03,SVC_EXP,25,100.0,0.8595,54.99,30.0,23.077,2024-10-01,
CUST12,L03,SVC_EXP,100,500.0,0.7706,54.99,30.0,23.077,2024-10-01,
CUST12,L03,SVC_EXP,500,3000.0,0.6918,54.99,30.0,23.077,2024-10-01,
CUST12,L03,SVC_EXP,3000,,0.6325,54.99,30.0,23.077,2024-10-01,
CUST12,L03,SVC_STD,0,25.0,0.8203,54.99,30.0,23.077,2024-10-01,
CUST12,L03,SVC_STD,25,100.0,0.7546,54.99,30.0,23.077,2024-10-01,
CUST12,L03,SVC_STD,100,500.0,0.6888,54.99,30.0,23.077,2024-10-01,
CUST12,L03,SVC_STD,500,3000.0,0.6304,54.99,30.0,23.077,2024-10-01,
CUST12,L03,SVC_STD,3000,,0.5866,54.99,30.0,23.077,2024-10-01,
CUST12,L03,SVC_ECO,0,25.0,0.7473,54.99,30.0,23.077,2024-10-01,
CUST12,L03,SVC_ECO,25,100.0,0.6947,54.99,30.0,23.077,2024-10-01,
CUST12,L03,SVC_ECO,100,500.0,0.6421,54.99,30.0,23.077,2024-10-01,
CUST12,L03,SVC_ECO,500,3000.0,0.5953,54.99,30.0,23.077,2024-10-01,
CUST12,L03,SVC_ECO,3000,,0.5602,54.99,30.0,23.077,2024-10-01,
CUST12,L04,SVC_STD,0,25.0,2.1445,89.96,30.0,23.077,2024-10-01,
CUST12,L04,SVC_STD,25,100.0,1.8403,89.96,30.0,23.077,2024-10-01,
CUST12,L04,SVC_STD,100,500.0,1.5363,89.96,30.0,23.077,2024-10-01,
CUST12,L04,SVC_STD,500,3000.0,1.2659,89.96,30.0,23.077,2024-10-01,
CUST12,L04,SVC_STD,3000,,1.0632,89.96,30.0,23.077,2024-10-01,
CUST12,L04,SVC_ECO,0,25.0,1.8065,89.96,30.0,23.077,2024-10-01,
CUST12,L04,SVC_ECO,25,100.0,1.5633,89.96,30.0,23.077,2024-10-01,
CUST12,L04,SVC_ECO,100,500.0,1.32,89.96,30.0,23.077,2024-10-01,
CUST12,L04,SVC_ECO,500,3000.0,1.1038,89.96,30.0,23.077,2024-10-01,
CUST12,L04,SVC_ECO,3000,,0.9416,89.96,30.0,23.077,2024-10-01,
CUST12,L05,SVC_EXP,0,25.0,1.1681,57.46,30.0,23.077,2024-10-01,
CUST12,L05,SVC_EXP,25,100.0,1.0397,57.46,30.0,23.077,2024-10-01,
CUST12,L05,SVC_EXP,100,500.0,0.9114,57.46,30.0,23.077,2024-10-01,
CUST12,L05,SVC_EXP,500,3000.0,0.7973,57.46,30.0,23.077,2024-10-01,
CUST12,L05,SVC_EXP,3000,,0.7117,57.46,30.0,23.077,2024-10-01,
CUST12,L05,SVC_STD,0,25.0,0.9832,57.46,30.0,23.077,2024-10-01,
CUST12,L05,SVC_STD,25,100.0,0.8881,57.46,30.0,23.077,2024-10-01,
CUST12,L05,SVC_STD,100,500.0,0.7931,57.46,30.0,23.077,2024-10-01,
CUST12,L05,SVC_STD,500,3000.0,0.7085,57.46,30.0,23.077,2024-10-01,
CUST12,L05,SVC_STD,3000,,0.6451,57.46,30.0,23.077,2024-10-01,
CUST12,L05,SVC_ECO,0,25.0,0.8776,57.46,30.0,23.077,2024-10-01,
CUST12,L05,SVC_ECO,25,100.0,0.8015,57.46,30.0,23.077,2024-10-01,
CUST12,L05,SVC_ECO,100,500.0,0.7254,57.46,30.0,23.077,2024-10-01,
CUST12,L05,SVC_ECO,500,3000.0,0.6578,57.46,30.0,23.077,2024-10-01,
CUST12,L05,SVC_ECO,3000,,0.6071,57.46,30.0,23.077,2024-10-01,
CUST12,L06,SVC_EXP,0,25.0,0.5083,46.48,30.0,23.077,2024-10-01,
CUST12,L06,SVC_EXP,25,100.0,0.4987,46.48,30.0,23.077,2024-10-01,
CUST12,L06,SVC_EXP,100,500.0,0.4891,46.48,30.0,23.077,2024-10-01,
CUST12,L06,SVC_EXP,500,3000.0,0.4806,46.48,30.0,23.077,2024-10-01,
CUST12,L06,SVC_EXP,3000,,0.4742,46.48,30.0,23.077,2024-10-01,
CUST12,L06,SVC_STD,0,25.0,0.4945,46.48,30.0,23.077,2024-10-01,
CUST12,L06,SVC_STD,25,100.0,0.4874,46.48,30.0,23.077,2024-10-01,
CUST12,L06,SVC_STD,100,500.0,0.4803,46.48,30.0,23.077,2024-10-01,
CUST12,L06,SVC_STD,500,3000.0,0.4739,46.48,30.0,23.077,2024-10-01,
CUST12,L06,SVC_STD,3000,,0.4692,46.48,30.0,23.077,2024-10-01,
CUST12,L07,SVC_EXP,0,25.0,0.4822,45.96,30.0,23.077,2024-10-01,
CUST12,L07,SVC_EXP,25,100.0,0.4774,45.96,30.0,23.077,2024-10-01,
CUST12,L07,SVC_EXP,100,500.0,0.4724,45.96,30.0,23.077,2024-10-01,
CUST12,L07,SVC_EXP,500,3000.0,0.4681,45.96,30.0,23.077,2024-10-01,
CUST12,L07,SVC_EXP,3000,,0.4648,45.96,30.0,23.077,2024-10-01,
CUST12,L07,SVC_STD,0,25.0,0.4752,45.96,30.0,23.077,2024-10-01,
CUST12,L07,SVC_STD,25,100.0,0.4716,45.96,30.0,23.077,2024-10-01,
CUST12,L07,SVC_STD,100,500.0,0.4679,45.96,30.0,23.077,2024-10-01,
CUST12,L07,SVC_STD,500,3000.0,0.4647,45.96,30.0,23.077,2024-10-01,
CUST12,L07,SVC_STD,3000,,0.4622,45.96,30.0,23.077,2024-10-01,
CUST12,L08,SVC_STD,0,25.0,0.7607,52.65,30.0,23.077,2024-10-01,
CUST12,L08,SVC_STD,25,100.0,0.7056,52.65,30.0,23.077,2024-10-01,
CUST12,L08,SVC_STD,100,500.0,0.6506,52.65,30.0,23.077,2024-10-01,
CUST12,L08,SVC_STD,500,3000.0,0.6017,52.65,30.0,23.077,2024-10-01,
CUST12,L08,SVC_STD,3000,,0.565,52.65,30.0,23.077,2024-10-01,
CUST12,L08,SVC_ECO,0,25.0,0.6995,52.65,30.0,23.077,2024-10-01,
CUST12,L08,SVC_ECO,25,100.0,0.6555,52.65,30.0,23.077,2024-10-01,
CUST12,L08,SVC_ECO,100,500.0,0.6115,52.65,30.0,23.077,2024-10-01,
CUST12,L08,SVC_ECO,500,3000.0,0.5724,52.65,30.0,23.077,2024-10-01,
CUST12,L08,SVC_ECO,3000,,0.5431,52.65,30.0,23.077,2024-10-01,
CUST12,L09,SVC_EXP,0,25.0,0.5668,47.45,30.0,23.077,2024-10-01,
CUST12,L09,SVC_EXP,25,100.0,0.5467,47.45,30.0,23.077,2024-10-01,
CUST12,L09,SVC_EXP,100,500.0,0.5266,47.45,30.0,23.077,2024-10-01,
CUST12,L09,SVC_EXP,500,3000.0,0.5087,47.45,30.0,23.077,2024-10-01,
CUST12,L09,SVC_EXP,3000,,0.4953,47.45,30.0,23.077,2024-10-01,
CUST12,L09,SVC_STD,0,25.0,0.5379,47.45,30.0,23.077,2024-10-01,
CUST12,L09,SVC_STD,25,100.0,0.523,47.45,30.0,23.077,2024-10-01,
CUST12,L09,SVC_STD,100,500.0,0.508,47.45,30.0,23.077,2024-10-01,
CUST12,L09,SVC_STD,500,3000.0,0.4947,47.45,30.0,23.077,2024-10-01,
CUST12,L09,SVC_STD,3000,,0.4848,47.45,30.0,23.077,2024-10-01,
CUST12,L09,SVC_ECO,0,25.0,0.5213,47.45,30.0,23.077,2024-10-01,
CUST12,L09,SVC_ECO,25,100.0,0.5094,47.45,30.0,23.077,2024-10-01,
CUST12,L09,SVC_ECO,100,500.0,0.4974,47.45,30.0,23.077,2024-10-01,
CUST12,L09,SVC_ECO,500,3000.0,0.4869,47.45,30.0,23.077,2024-10-01,
CUST12,L09,SVC_ECO,3000,,0.4789,47.45,30.0,23.077,2024-10-01,
CUST12,L10,SVC_STD,0,25.0,0.6346,49.73,30.0,23.077,2024-10-01,
CUST12,L10,SVC_STD,25,100.0,0.6022,49.73,30.0,23.077,2024-10-01,
CUST12,L10,SVC_STD,100,500.0,0.57,49.73,30.0,23.077,2024-10-01,
CUST12,L10,SVC_STD,500,3000.0,0.5412,49.73,30.0,23.077,2024-10-01,
CUST12,L10,SVC_STD,3000,,0.5196,49.73,30.0,23.077,2024-10-01,
CUST12,L10,SVC_ECO,0,25.0,0.5987,49.73,30.0,23.077,2024-10-01,
CUST12,L10,SVC_ECO,25,100.0,0.5728,49.73,30.0,23.077,2024-10-01,
CUST12,L10,SVC_ECO,100,500.0,0.5469,49.73,30.0,23.077,2024-10-01,
CUST12,L10,SVC_ECO,500,3000.0,0.5239,49.73,30.0,23.077,2024-10-01,
CUST12,L10,SVC_ECO,3000,,0.5067,49.73,30.0,23.077,2024-10-01,
CUST12,L11,SVC_ECO,0,25.0,2.015,94.25,30.0,23.077,2024-10-01,
CUST12,L11,SVC_ECO,25,100.0,1.7342,94.25,30.0,23.077,2024-10-01,
CUST12,L11,SVC_ECO,100,500.0,1.4534,94.25,30.0,23.077,2024-10-01,
CUST12,L11,SVC_ECO,500,3000.0,1.2038,94.25,30.0,23.077,2024-10-01,
CUST12,L11,SVC_ECO,3000,,1.0166,94.25,30.0,23.077,2024-10-01,
CUST12,L12,SVC_STD,0,25.0,2.4952,99.19,30.0,23.077,2024-10-01,
CUST12,L12,SVC_STD,25,100.0,2.128,99.19,30.0,23.077,2024-10-01,
CUST12,L12,SVC_STD,100,500.0,1.7607,99.19,30.0,23.077,2024-10-01,
CUST12,L12,SVC_STD,500,3000.0,1.4343,99.19,30.0,23.077,2024-10-01,
CUST12,L12,SVC_STD,3000,,1.1895,99.19,30.0,23.077,2024-10-01,
CUST12,L12,SVC_ECO,0,25.0,2.0872,99.19,30.0,23.077,2024-10-01,
CUST12,L12,SVC_ECO,25,100.0,1.7934,99.19,30.0,23.077,2024-10-01,
CUST12,L12,SVC_ECO,100,500.0,1.4996,99.19,30.0,23.077,2024-10-01,
CUST12,L12,SVC_ECO,500,3000.0,1.2384,99.19,30.0,23.077,2024-10-01,
CUST12,L12,SVC_ECO,3000,,1.0426,99.19,30.0,23.077,2024-10-01,
